gene,log2FoldChange,p_value,adj_p_value,significant,neg_log10_p
ENSG00000003096.14,-0.9890638135741203,3.820669629479148e-52,6.397597561208575e-51,True,50.193983082545664
ENSG00000003137.8,-0.669063865029458,1.949729283534648e-34,1.462649535758316e-33,True,32.834859722350174
ENSG00000003249.15,0.5002721611919076,5.512252194653047e-27,2.937389624857825e-26,True,25.53203844343196
ENSG00000003436.16,-0.6794078208772658,1.0263032202798926e-78,5.114256948145507e-77,True,76.29121745613791
ENSG00000004776.13,-1.292746833229455,1.9668524354702966e-76,8.966469591811567e-75,True,74.04737852001048
ENSG00000004799.8,-0.8165148478927904,5.0419724689304765e-93,4.268698528032262e-91,True,90.36970451566577
ENSG00000004838.14,0.6292539337067755,9.694657944532493e-24,4.381077176785735e-23,True,22.35841909624959
ENSG00000005001.10,0.5073727930179619,4.7654490686060755e-12,1.1525704976599506e-11,True,10.938332501245613
ENSG00000005102.14,-1.042255865238373,3.8168652200217637e-147,1.759362818362254e-144,True,143.75464459046614
ENSG00000005108.16,-0.5175279594107711,4.623171989571688e-38,4.072023141982621e-37,True,36.39018976249674
ENSG00000005187.12,-0.5732743558736701,1.3300210251379025e-18,4.595121568007152e-18,True,17.33770299448107
ENSG00000006118.15,0.5983253398350832,2.36970022294288e-25,1.158939154126559e-24,True,23.93593936448571
ENSG00000006210.7,-0.6211570167937444,1.535811481464267e-56,3.1541158073537183e-55,True,54.50112236504283
ENSG00000007062.12,-0.6171503041561057,1.155204063893183e-11,2.7341971525094107e-11,True,10.56317017332346
ENSG00000007216.15,-0.9404141737856022,1.013111002171987e-21,4.125537170562442e-21,True,20.38451949559344
ENSG00000007968.7,0.8132134617553237,8.886391939453223e-41,8.814153487345296e-40,True,39.05481939107063
ENSG00000008300.17,0.6167782191855264,8.844610985026665e-50,1.3282124405930542e-48,True,47.87673245629443
ENSG00000008311.15,-0.5762036565880819,4.112050899823245e-78,2.01284285049165e-76,True,75.69619013063965
ENSG00000008735.14,0.6701418723679675,9.818163542749961e-31,6.2398546851165396e-30,True,29.204825524129575
ENSG00000009950.16,-1.1270194632470711,1.2112059417440804e-50,1.8943215266070944e-49,True,48.72254630549107
ENSG00000010319.7,-0.6963368478892709,2.717910240209484e-82,1.560588322700214e-80,True,79.8067116470718
ENSG00000011426.11,1.0052712956719376,9.269159289251487e-49,1.3168872366938287e-47,True,46.88045141150617
ENSG00000013297.12,-0.9458841172060504,9.455722905417573e-82,5.355230917832737e-80,True,79.27122179762796
ENSG00000013810.20,0.6614173139188548,2.870604580470348e-51,4.60684839538926e-50,True,49.33659607950535
ENSG00000015413.9,0.6685857482674658,1.4225544572168935e-47,1.9083159792285474e-46,True,45.719349713136324
ENSG00000018236.15,-0.5555350110907089,4.262994862023975e-31,2.754678221979199e-30,True,29.559929124427626
ENSG00000018280.17,0.5034173035274914,3.4910295761215295e-26,1.782465993420328e-25,True,24.748978747036144
ENSG00000018625.15,-1.533382459267075,3.1737269650610644e-91,2.4269504727291845e-89,True,88.61493908631326
ENSG00000019102.12,-0.7382097299681911,1.4157608233732355e-29,8.544265932116484e-29,True,28.06832524310421
ENSG00000019169.10,-0.801063857380887,5.580434161454165e-32,3.749057671059531e-31,True,30.426077878855516
ENSG00000019505.8,0.8330565876827789,5.17183912211773e-32,3.481602368860917e-31,True,30.458220830826527
ENSG00000020577.14,-0.5434185010952857,4.7561815766001185e-61,1.1521763077679177e-59,True,58.938481059426664
ENSG00000021826.17,-0.6744128938743561,1.669979690046679e-67,5.318933392828136e-66,True,65.27417544816566
ENSG00000022267.19,-0.8975315194012832,1.1706065355882865e-70,4.2598782569193035e-69,True,68.37060281242397
ENSG00000024526.17,1.0358232081604397,1.1807031986943147e-57,2.528075984404317e-56,True,55.597209876943616
ENSG00000025423.11,1.0065402985871759,6.993339920708395e-64,1.8993041349301982e-62,True,61.721405486265574
ENSG00000029559.7,1.3966509885401996,3.3978385589343945e-254,2.8191866523478673e-250,True,249.5498761694632
ENSG00000035499.13,0.9800540996745015,1.4784224694276258e-53,2.6351173423933427e-52,True,51.579200040785686
ENSG00000038295.8,-0.6190050540266372,1.9427342939658713e-46,2.504874349189562e-45,True,44.601214054556124
ENSG00000046653.15,-0.567417604247709,8.24969819818421e-34,6.022678922158767e-33,True,32.220210289087696
ENSG00000046889.19,-0.7927225251248435,6.221233541445212e-63,1.6308870361254636e-61,True,60.78757611945414
ENSG00000047457.14,-0.523656027437545,1.1489513691988915e-18,3.981975568188472e-18,True,17.399901408957902
ENSG00000047648.23,-0.5675176157370903,1.9080652502384522e-67,6.054002822649498e-66,True,65.2179573808917
ENSG00000048540.15,-0.716821165346635,1.0009971055458729e-31,6.660202874670495e-31,True,30.17651254169937
ENSG00000048740.18,-0.553174201950386,3.792758895930257e-69,1.2714553761427614e-67,True,66.89569887751347
ENSG00000049249.9,0.7106415194816709,4.617442777573361e-56,9.242683407847087e-55,True,54.03420192271584
ENSG00000049283.18,0.6594957500616929,3.1679653623210017e-18,1.0728411678031572e-17,True,16.969464569788535
ENSG00000049768.16,0.6763038839279905,7.0936293131241835e-37,5.918133977978014e-36,True,35.22781520726631
ENSG00000050628.20,-0.570933845724392,5.94534303191964e-38,5.203429444708572e-37,True,36.28371032982744
ENSG00000051180.17,0.8032559649359376,4.478344092192232e-53,7.814263077375172e-52,True,51.10711197177401
ENSG00000051341.14,0.8195143787470053,2.306403961959537e-55,4.4554676769216016e-54,True,53.35110670266053
ENSG00000053438.11,-1.0419545484325996,1.0289012371410568e-59,2.3549775350508548e-58,True,57.62801323140132
ENSG00000053747.17,-0.6971529459610581,8.087657340690517e-48,1.0982920480643764e-46,True,45.95928216079857
ENSG00000054967.13,0.5131515282985284,1.7146440265275807e-37,1.4681528883487447e-36,True,35.83322871614418
ENSG00000056998.20,-0.7827646140400972,4.898328006466578e-39,4.463638382169489e-38,True,37.35031099663987
ENSG00000057593.14,0.5704745804295638,1.2247334295513124e-21,4.971435061148356e-21,True,20.30351822913855
ENSG00000060718.22,1.5741448546619323,2.4035863868341326e-71,9.003411400254084e-70,True,69.04559290482848
ENSG00000062282.15,-0.75202102734755,6.462555893924545e-35,4.944197902433559e-34,True,33.30590415397614
ENSG00000064300.9,-0.7832618802839451,3.854714043417674e-46,4.91283600894569e-45,True,44.30866773242504
ENSG00000064692.20,-0.6019620482746308,9.453128671596678e-62,2.3447715571969397e-60,True,59.62989946266384
ENSG00000065328.17,0.9331785702551557,2.9073400842208593e-57,6.137964549308008e-56,True,55.21197562422684
ENSG00000065534.19,-0.6154874629429239,3.2680374995029637e-53,5.7507756380437095e-52,True,51.24027357572697
ENSG00000065618.21,-0.9587258360905551,2.3085331163581047e-21,9.255327019291228e-21,True,20.033608231674496
ENSG00000066279.18,1.1908516071764295,1.0276432001859904e-54,1.9444368601922832e-53,True,52.711206154710034
ENSG00000066382.16,-0.6749952305115414,2.2962846426095547e-53,4.0493674133329384e-52,True,51.392612816379554
ENSG00000066735.14,-0.5498638631940316,6.637748120835288e-56,1.3112713371088188e-54,True,53.882307431867424
ENSG00000067798.16,-0.5801483539098089,4.139054088668979e-55,7.903735736176413e-54,True,53.102167588946614
ENSG00000067840.12,-0.5740804610940606,2.8305694640677644e-37,2.39890039258123e-36,True,35.619987784483364
ENSG00000068489.13,0.7071212697551961,1.3276840426914123e-54,2.492261199595169e-53,True,52.603406443715
ENSG00000069011.16,1.2870907232132285,7.869280752671131e-44,8.993308871200052e-43,True,42.04608049067925
ENSG00000069188.17,-0.5110384654080573,1.2533206611789171e-14,3.497746897343248e-14,True,13.456211619975731
ENSG00000069431.11,-0.652475552055062,4.722864112672252e-37,3.9681623840852327e-36,True,35.401410564070986
ENSG00000069535.14,-0.5217677195821815,5.487801938039358e-124,1.3391850788209576e-121,True,120.87315939822614
ENSG00000069702.11,-0.7979169880760728,1.1235055121536765e-180,1.0357472482598949e-177,True,176.9847462118478
ENSG00000070031.4,1.0600982292837524,4.888374115839127e-72,1.9041708938552694e-70,True,69.72029407752308
ENSG00000070193.5,-0.9458961930279488,6.856615321147328e-96,6.61503922320458e-94,True,93.17946757636373
ENSG00000071539.14,0.6704358400402457,5.2033092548918366e-48,7.165453425367231e-47,True,46.14475632251656
ENSG00000072163.20,-0.6259189652154475,1.2823144321486656e-111,2.1493662310176726e-109,True,108.66768957866452
ENSG00000072571.20,1.0408680928777372,4.338319133610177e-49,6.265454108192104e-48,True,47.20304744669139
ENSG00000073282.14,-0.9420770445656459,3.179833229216823e-27,1.7148570882555722e-26,True,25.76577206708951
ENSG00000073464.13,-0.5253439485780549,9.220530357465118e-54,1.6631030516497409e-52,True,51.77908083955004
ENSG00000073756.12,-0.9670858300730425,4.828771255762323e-45,5.87022932000879e-44,True,43.23134493274402
ENSG00000073792.16,-0.6713541507621827,1.2211880176000046e-66,3.738818074548796e-65,True,64.42726566646968
ENSG00000074211.14,0.7376984004469268,4.473008408864881e-41,4.501219013747959e-40,True,39.346669855280105
ENSG00000075213.11,-0.6516531367350396,1.0867480502903913e-42,1.1755865154184326e-41,True,40.92974540415178
ENSG00000075218.19,0.9899328977141113,1.4383132716211616e-55,2.807925932856654e-54,True,53.55161435216043
ENSG00000075702.18,0.9322739330413622,3.3449628961722195e-56,6.744388128685518e-55,True,54.17105744471545
ENSG00000075886.11,0.5222135797035583,2.582518673367187e-17,8.322842273423014e-17,True,16.079728335624303
ENSG00000076382.17,0.780426098223783,1.778058681562205e-55,3.4589807458198394e-54,True,53.46105185544949
ENSG00000076555.15,-0.89155729215827,8.181928567346708e-70,2.852330307700657e-68,True,67.54480018341154
ENSG00000077063.11,-0.7481913914120248,9.647303917200902e-84,6.041032498189878e-82,True,81.21888882794434
ENSG00000077152.11,0.8276516867950408,1.5898099921142458e-56,3.2609773806110994e-55,True,54.486652213616566
ENSG00000077157.22,-0.5889488476625684,7.154910700586956e-81,3.880019221096077e-79,True,78.4111661229637
ENSG00000077274.9,-1.109600774453596,2.7500842469781117e-83,1.6415430933221146e-81,True,80.78474771180984
ENSG00000078399.19,-0.8833347787994374,7.123648002906536e-77,3.3019501385539406e-75,True,74.4812294891333
ENSG00000078596.11,-0.6115036240034617,2.8139209307489377e-212,7.782367320807978e-209,True,208.10888827473568
ENSG00000078725.13,-0.9288498582625586,1.5200168711248335e-25,7.5091277045089275e-25,True,24.12441050974963
ENSG00000079102.16,-0.7270405608790473,1.0202549994218053e-91,7.94840913634058e-90,True,89.0997197861166
ENSG00000079308.19,-0.561562510028434,2.7928336954855677e-70,1.0052989662231565e-68,True,67.99770476404191
ENSG00000079337.16,-0.6197141029889222,1.1533565587270181e-70,4.2063293924211297e-69,True,68.3760967212575
ENSG00000079435.10,-1.0056195200115086,1.3139176280866163e-53,2.3520117713559127e-52,True,51.62856050903207
ENSG00000079462.8,0.5878890242840047,1.1218712762811293e-30,7.097343484029378e-30,True,29.14890417608592
ENSG00000080200.10,-0.7034985781139913,1.0536534127207349e-54,1.9891154414889503e-53,True,52.701340011170814
ENSG00000080986.13,0.9912252414853144,1.125503682152403e-53,2.020203169833043e-52,True,51.69460495179083
ENSG00000081041.9,-1.2976629637020032,8.687330008279586e-124,2.059393630819878e-121,True,120.6862606347544
ENSG00000081277.13,-0.8149097250970117,6.778507937373987e-73,2.743477090555706e-71,True,70.56169866203498
ENSG00000081377.17,-0.6200177418627975,4.2020568566418155e-81,2.2861944747250586e-79,True,78.64088682918675
ENSG00000081818.4,-0.5319106635764426,2.878329130478484e-69,9.688233994150095e-68,True,67.01375538048217
ENSG00000081853.15,-0.638458531622177,1.322235853584816e-50,2.0640810681454787e-49,True,48.6852732495076
ENSG00000082482.14,-0.562693832816326,5.664027896932553e-23,2.448902525317842e-22,True,21.611028500934523
ENSG00000083782.8,1.1970690694585877,1.4244831071227508e-151,7.162991721089372e-149,True,148.14490555079408
ENSG00000084628.10,1.0247936896331653,3.883740770949489e-34,2.8796601587638886e-33,True,32.540658762199854
ENSG00000085552.17,0.6657672380168602,2.528608373174908e-17,8.155437773462473e-17,True,16.08855272162601
ENSG00000085563.15,-0.8012865732329917,5.524908274863735e-52,9.204852200109319e-51,True,50.03598318045625
ENSG00000085741.13,-0.763533971496654,1.1520083990102185e-54,2.169855547466012e-53,True,52.66356917722362
ENSG00000085840.13,0.7022162118748831,6.352632593156933e-36,5.087624770793733e-35,True,34.293484926837436
ENSG00000085999.13,0.8352251757903116,3.4359808055771685e-50,5.235690127433198e-49,True,48.28102606493415
ENSG00000086548.9,0.6913776480016411,1.5425020608442335e-17,5.033683224709776e-17,True,16.298114118563042
ENSG00000086570.12,-1.0824362807961345,2.187580057563819e-48,3.0556147706409103e-47,True,46.51490139928831
ENSG00000086717.18,0.8882464366530464,3.495836766684074e-32,2.377520841702378e-31,True,30.623875667283645
ENSG00000087494.16,-0.501185796670788,2.4342007741138006e-16,7.430671016490877e-16,True,15.12897196610473
ENSG00000087586.18,0.8300884712876386,6.220053763729747e-66,1.873240873962458e-64,True,63.72740637451654
ENSG00000088325.16,0.8946150499473569,1.2802221038807397e-56,2.6357327036968978e-55,True,54.57909863474401
ENSG00000088992.18,-0.7456722566334821,1.7429088983093187e-47,2.326776368346326e-46,True,45.63324535571642
ENSG00000089685.15,1.1354986048573448,6.475656210025082e-43,7.07885633393651e-42,True,41.15003690162958
ENSG00000090376.11,-0.5695255179459249,2.1104524350447265e-48,2.950366276927733e-47,True,46.5301240646408
ENSG00000090530.10,-0.62315985108112,1.0109791631308121e-58,2.248818797988297e-57,True,56.648045537096245
ENSG00000090659.18,-0.8605180006099791,1.0378317032008591e-34,7.885430074594806e-34,True,33.103174615089706
ENSG00000090889.12,1.2587701117097072,1.9722237579502681e-56,4.030428699436792e-55,True,54.394648757358205
ENSG00000091262.16,-0.621445054718188,7.884805582786701e-34,5.761359041865368e-33,True,32.239475059152554
ENSG00000091651.9,0.7725150981848778,2.164263089899776e-46,2.7840140863408437e-45,True,44.55532857164602
ENSG00000092009.10,-1.1426791915521721,4.678730756528717e-52,7.818616130295824e-51,True,50.10687010885335
ENSG00000092421.17,-0.597492297814584,3.4420263384445506e-95,3.245283242053913e-93,True,92.48874739282576
ENSG00000092607.15,-0.6120555539498316,8.175677579078581e-51,1.2871650260648005e-49,True,48.890365769090366
ENSG00000092853.14,0.939987920859851,1.702069072532397e-65,5.025646652954199e-64,True,63.29880804938187
ENSG00000093009.11,0.9419138606335264,2.4884672650760152e-43,2.7751092605289917e-42,True,41.55671991333024
ENSG00000094755.17,-0.8663836240081872,6.467680926860898e-20,2.3972458633086834e-19,True,18.620287422118825
ENSG00000094804.12,0.824532626664112,7.819214437034669e-46,9.80000335106898e-45,True,44.008773775802354
ENSG00000094963.14,-1.1424874821023843,2.150800075814904e-207,3.9655973842302796e-204,True,203.4016913805702
ENSG00000095637.22,-0.7477688006412406,4.2017958187444415e-67,1.3155584870989671e-65,True,64.88088983928508
ENSG00000095713.14,-0.9416346326240311,5.114321578811864e-57,1.0661689984774379e-55,True,54.97217394982261
ENSG00000099139.14,-0.5808874813621883,2.208048867547258e-47,2.92888592390721e-46,True,45.53329754316388
ENSG00000099260.11,-0.7349032941418732,1.2801645247387698e-100,1.5619889796702313e-98,True,97.8063220345338
ENSG00000099769.6,0.5675795344601048,9.83293884703743e-22,4.007067466300077e-21,True,20.397173345364862
ENSG00000099812.9,0.9221827895533936,3.131030353147027e-26,1.6006259297634556e-25,True,24.79571015191665
ENSG00000099953.10,1.4507515183214295,2.409308615914105e-80,1.2732505468942249e-78,True,77.89508612861097
ENSG00000099960.13,-0.5606889658809244,9.59055230844279e-31,6.104550249570374e-30,True,29.214346327022106
ENSG00000100146.18,-1.1755907429715509,2.3049269126109661e-32,1.5818013725337621e-31,True,30.800848051956134
ENSG00000100162.15,0.9283894484773334,4.4593716141070493e-38,3.931924153267395e-37,True,36.405394868290344
ENSG00000100170.10,-0.6748250365715502,1.0412261271018369e-14,2.917613365945269e-14,True,13.534972260133342
ENSG00000100181.22,-0.7886862927137948,6.079313928896534e-88,4.185897731788759e-86,True,85.37821138638013
ENSG00000100276.10,-0.5430812987112044,2.531173533581525e-16,7.718172292585783e-16,True,15.1124855309105
ENSG00000100290.3,0.5190233824991122,1.066592658328676e-11,2.528795338234898e-11,True,10.597086317777748
ENSG00000100362.13,0.5064758378664961,1.023290816490549e-13,2.726037535534463e-13,True,12.564468168544169
ENSG00000100448.4,-0.8200516751167255,4.11508584899556e-38,3.636088103207259e-37,True,36.43936560227262
ENSG00000100526.20,0.8812930098819616,1.836955986009917e-53,3.249727892521169e-52,True,51.48815300201311
ENSG00000100626.17,-0.5197638567616469,5.212416795899657e-63,1.3707582299708227e-61,True,60.8630391379521
ENSG00000100985.7,0.6922617661457484,4.57235928623496e-22,1.891641236494214e-21,True,20.723161227228672
ENSG00000101003.10,0.7397515127007437,3.2809474712755804e-43,3.6417419624312367e-42,True,41.43869082961807
ENSG00000101057.16,1.00869345993613,2.2560929764205307e-43,2.5210509663786053e-42,True,41.59841837439763
ENSG00000101098.13,0.597723850712107,3.086015820557308e-23,1.3572580579466728e-22,True,21.867337571288502
ENSG00000101115.13,0.8185595138097177,9.601233839437171e-96,9.209414701249735e-94,True,93.03576797024776
ENSG00000101210.13,0.679092551729741,9.344440825448261e-17,2.9201817524950743e-16,True,15.53459011716487
ENSG00000101213.7,0.6059138758266465,7.487246128184303e-19,2.6173027649271185e-18,True,17.582146036041184
ENSG00000101222.12,0.6323479808493558,2.2074938364952836e-28,1.2583700694882424e-27,True,26.90019162001818
ENSG00000101230.6,-0.7000921832882194,4.442999687101721e-69,1.4834433965345263e-67,True,66.82872902032233
ENSG00000101311.16,-0.6459950422630321,3.404737999871334e-24,1.57114077780492e-23,True,22.803784899438277
ENSG00000101331.17,-0.6024682245439592,6.401312346045678e-67,1.9744122132022674e-65,True,64.70456217120542
ENSG00000101412.13,0.6929143286112878,1.3200216570867214e-47,1.7750761246107826e-46,True,45.750783017375376
ENSG00000101441.4,1.1112822382971603,4.824975912421239e-137,1.7405576150156095e-134,True,133.759311596356
ENSG00000101445.10,-0.6555312998266811,2.472442199280544e-62,6.273349519091949e-61,True,60.20250051511143
ENSG00000101447.15,1.0192904061286339,4.593888255317324e-51,7.287856759917369e-50,True,49.13740017184582
ENSG00000101463.6,0.8410802887053559,3.2029487163283992e-46,4.0947404467452586e-45,True,44.3877736216493
ENSG00000101605.13,-1.126812964736788,3.1411574763781004e-69,1.0551491328546194e-67,True,66.9766861536378
ENSG00000101871.16,-0.6961314431249341,7.150290552391618e-74,2.973732366576103e-72,True,71.52669812019516
ENSG00000101938.15,-1.2893811996299767,6.809818463341157e-134,2.2157279917781013e-131,True,130.65448355573088
ENSG00000101955.15,-0.6143746251026032,9.489330814904578e-102,1.249729805893068e-99,True,98.90318387218694
ENSG00000102010.15,-1.0524212887071904,1.031673479546002e-91,7.99980828018054e-90,True,89.09692042099023
ENSG00000102243.13,-0.8790428850702807,1.737239843572281e-21,7.015760030235686e-21,True,20.153925274164077
ENSG00000102287.19,-1.104939208781457,3.862565704219926e-65,1.1185936351802e-63,True,62.95132765614489
ENSG00000102383.14,-0.5652477873510275,1.4282536159836084e-58,3.164277770845394e-57,True,56.49972539968435
ENSG00000102384.13,0.6835670331654409,1.8776448023764673e-65,5.524403874226081e-64,True,63.25771457883778
ENSG00000102802.10,-0.6213656402926504,3.341920993447663e-38,2.9639677693891244e-37,True,36.52812652324755
ENSG00000102837.7,-1.1419985938827377,6.228442817918858e-35,4.77168883289684e-34,True,33.32132788490153
ENSG00000102935.12,-0.5096679253566803,1.4600100586570064e-72,5.8238958926332605e-71,True,70.23478639702932
ENSG00000103044.11,-1.026939160653898,6.187467604952645e-46,7.825826024129893e-45,True,44.10646981112486
ENSG00000103253.19,1.0747721662043914,1.2614339431487407e-60,2.977558300513542e-59,True,58.526139726287354
ENSG00000103257.9,0.5002437253556309,2.4953316949657698e-20,9.492786370073816e-20,True,19.022606292574586
ENSG00000103269.14,0.6316595079873262,1.4684934988478192e-49,2.1757304571322064e-48,True,47.662394908712336
ENSG00000103522.16,0.772010436620387,1.8984925160977472e-55,3.6846298025878387e-54,True,53.43360613949275
ENSG00000103647.13,-0.8262949142850506,2.8861115672135226e-122,6.651685464769611e-120,True,119.17706829525297
ENSG00000103888.17,0.8069371008294126,5.469516526283274e-53,9.493844899282913e-52,True,51.02255786761827
ENSG00000104147.9,0.719951231042698,1.60258417686001e-54,2.998115200768321e-53,True,52.5231516836636
ENSG00000104332.12,-0.9869208924454318,3.3546429094682646e-125,8.434385521169149e-123,True,122.07394655201811
ENSG00000104413.18,0.5396227109114515,3.925194673333297e-11,9.033936256489978e-11,True,10.04412297814836
ENSG00000104415.14,1.0686199134395291,9.938161891894848e-58,2.133426370428242e-56,True,55.67092234107208
ENSG00000104490.18,-0.5906638954516259,2.3285990931189675e-54,4.331925263589254e-53,True,52.363319044634615
ENSG00000104549.12,0.512440167413196,1.5732741370895074e-30,9.922809209754195e-30,True,29.00336535893653
ENSG00000104899.8,0.5831248498072366,5.790153431655792e-31,3.7165561723541596e-30,True,29.429859298846747
ENSG00000104951.16,0.7925373019165205,8.261315863896371e-36,6.562387527309544e-35,True,34.18293812689073
ENSG00000104967.8,-0.5150376963812564,6.323483924633921e-45,7.653675583178358e-44,True,43.11612995018853
ENSG00000105011.9,0.848473467333005,3.5294598652963732e-43,3.9123484973098207e-42,True,41.407562466840076
ENSG00000105048.17,1.179986161028483,4.747097652068765e-33,3.3477831890535096e-32,True,31.475242675782308
ENSG00000105173.14,0.6013936621254203,3.463021261125328e-61,8.463236348617628e-60,True,59.07246353062832
ENSG00000105219.10,0.7836832689925386,1.1394066717528614e-38,1.0236770065547905e-37,True,36.989837051561835
ENSG00000105289.15,0.5865000359610231,2.6436293349249873e-13,6.905144842396543e-13,True,12.160827207223827
ENSG00000105388.16,0.9957069924371089,5.331004094802916e-32,3.5829356804033856e-31,True,30.445760988065153
ENSG00000105464.3,0.5514781548571205,3.145157498372788e-52,5.282463919837859e-51,True,50.27716346057358
ENSG00000105519.18,0.5347168262017787,5.242332189380782e-31,3.3717542771544456e-30,True,29.472144082909804
ENSG00000105609.17,-0.7988926960214486,7.538247198491063e-29,4.389111368833709e-28,True,27.357623399274345
ENSG00000105664.11,1.1977821130140547,1.9599488010219868e-40,1.913140612009344e-39,True,38.71825310902365
ENSG00000105707.14,0.5049625596704594,3.3835279941747987e-16,1.0247538517126595e-15,True,14.989380440638287
ENSG00000105784.15,-0.6943758092145216,1.5625050051469866e-68,5.114044981343017e-67,True,66.29123545639119
ENSG00000105825.14,-0.789973758559879,5.662229369345516e-41,5.667010503915529e-40,True,39.246645982384386
ENSG00000105894.12,-0.614280290887443,2.66125536027153e-22,1.1129251877103268e-21,True,20.953534028528352
ENSG00000105926.16,-0.5506245099075877,9.544251656035114e-80,4.903322352329618e-78,True,77.30950955459471
ENSG00000105971.15,-0.6887768382089918,1.6378871975012457e-96,1.637295190080462e-94,True,93.78587301401156
ENSG00000105974.13,-0.5802457217742871,1.1710941559008054e-94,1.0736539460230919e-92,True,91.96913567538712
ENSG00000105976.16,-0.6639832575395701,1.1640522545656347e-139,4.292507358280476e-137,True,136.3672889516923
ENSG00000105997.22,-0.8397301067621195,8.607551955641669e-107,1.2867902446118726e-104,True,103.89049224022212
ENSG00000106004.5,-0.9164181061765266,1.1065197439683909e-158,6.800588382004251e-156,True,155.1674535108227
ENSG00000106034.18,-0.8225843341969343,3.1582976320793298e-55,6.044843241836724e-54,True,53.218614957017934
ENSG00000106123.12,-0.6424545165008628,1.3645101589403852e-83,8.417353746266451e-82,True,81.07482442085508
ENSG00000106327.13,0.7617105250189677,9.163486460616168e-90,6.64012638984562e-88,True,87.17782365408226
ENSG00000106462.11,0.6696324553089008,7.050867583423234e-40,6.693483791723406e-39,True,38.17434778391887
ENSG00000106511.6,-0.9781801529485468,7.915927838519924e-148,3.753054472925703e-145,True,144.42561513206456
ENSG00000106772.18,-0.6381479418562483,3.2108869551482155e-44,3.744304858308467e-43,True,42.426628798584815
ENSG00000106809.11,-0.965497490680427,1.970339955626894e-116,3.553893611268769e-114,True,113.449295577299
ENSG00000106823.12,-0.5879732604042749,9.844696997877213e-48,1.3324869656017494e-46,True,45.875337030552735
ENSG00000106852.15,-0.6439235730403805,3.28600247666254e-63,8.752475938641764e-62,True,61.057869074476606
ENSG00000107104.20,-0.5144707144782492,1.8825463730730108e-93,1.6441565534091338e-91,True,90.78405683214594
ENSG00000107105.15,0.5158698495102697,8.265771330677e-37,6.871854181425558e-36,True,35.16292606467072
ENSG00000107242.20,-0.6943659348379914,1.3201868181050836e-53,2.360687506426267e-52,True,51.626961498400654
ENSG00000107282.8,-0.6223154060343583,9.41465705076271e-56,1.846652708042038e-54,True,53.73361477275832
ENSG00000107736.21,-0.7108332608586588,5.890598916767325e-50,8.918667739492426e-49,True,48.04970001519782
ENSG00000107954.10,0.7852935294128607,4.894889327466139e-38,4.302213638769762e-37,True,36.36630802727373
ENSG00000108001.15,-0.9172414461091039,3.7135414889139095e-79,1.878734983751141e-77,True,76.72613447759603
ENSG00000108106.14,0.6375896197525821,5.021719288723673e-50,7.624008222971696e-49,True,48.1178166439556
ENSG00000108622.11,-0.5031031920275941,2.8384406566889986e-64,7.916148614638193e-63,True,62.101486061116546
ENSG00000108878.5,0.5694723167745923,1.5141596655809322e-22,6.40478345415498e-22,True,21.193495549175402
ENSG00000108924.14,-1.1354610152980642,6.9200439955594744e-164,4.992661307057127e-161,True,160.301667894683
ENSG00000108984.15,-0.5670698874193918,3.0300683607257694e-38,2.6916999131629236e-37,True,36.569973359500786
ENSG00000109107.14,-0.6337031732148843,3.056066405284841e-65,8.91254234258289e-64,True,63.04999839384623
ENSG00000109255.11,0.7085499004702293,3.6891343011052876e-33,2.615014719886422e-32,True,31.58252586215141
ENSG00000109265.14,0.7908590112066716,1.0049482031314661e-37,8.726379111859523e-37,True,36.05916592329831
ENSG00000109610.6,-0.6470119781792993,8.820345060921359e-77,4.0544267573664554e-75,True,74.3920705406418
ENSG00000109654.16,-0.5356480995934032,4.92199566831414e-42,5.202267268790117e-41,True,40.2838073394952
ENSG00000109674.4,1.0827239751100053,8.667224997360597e-66,2.591422191102734e-64,True,63.58646182656284
ENSG00000109794.13,-0.7583481400854417,2.3047212675573705e-69,7.789112976343586e-68,True,67.10851199693764
ENSG00000109805.10,0.9779820299635769,1.3272367036381543e-51,2.1677328602531035e-50,True,49.663994238953926
ENSG00000109846.9,-0.836839050523615,6.482677676519738e-160,4.137444360160328e-157,True,156.3832678335154
ENSG00000109906.14,-1.343739692747092,1.4230387384288442e-124,3.5244634067892895e-122,True,121.452906994193
ENSG00000110195.14,-0.8695741746708867,2.5785337827416768e-20,9.800318275495965e-20,True,19.008759819914946
ENSG00000110318.15,-0.5123800474614648,4.388593111214884e-59,9.841123525337807e-58,True,57.006955316914166
ENSG00000110900.16,-0.5125277347754307,3.645232962795472e-38,3.2260797751801633e-37,True,36.49132489748885
ENSG00000111206.13,1.0108720907253261,4.414097580312319e-48,6.088739422086668e-47,True,46.215472611915494
ENSG00000111247.15,0.6314437073946624,1.0088354128563692e-38,9.088281672605098e-38,True,37.0415182213599
ENSG00000111404.7,-1.4118330070350125,3.845389477231414e-208,7.97629912314726e-205,True,204.09819856769835
ENSG00000111665.12,0.9946933130991811,4.593478064954594e-58,1.0003172573471987e-56,True,55.9998622387365
ENSG00000111728.10,-0.5222717625028128,9.160576001317752e-28,5.080568120516938e-27,True,26.294087721218048
ENSG00000111879.20,-0.5652016843698722,1.6978473093456895e-60,4.0019997516026095e-59,True,58.39772294265573
ENSG00000111962.8,-0.5015683412083596,4.9552465939570415e-77,2.3097573589922235e-75,True,74.6364336405345
ENSG00000112182.15,-0.5948952470180149,5.94980183889485e-41,5.944070542722525e-40,True,39.225916045120066
ENSG00000112214.10,-0.9064876828017268,4.849065633198239e-66,1.4630071839507561e-64,True,63.834753541309745
ENSG00000112276.14,-0.5416052671598404,4.1719106346912746e-58,9.09706768358305e-57,True,56.041098574059454
ENSG00000112320.12,-0.6892757681065522,2.420415481455087e-121,5.284786118324435e-119,True,118.27697258442299
ENSG00000112742.10,0.8716877814244781,9.119449123534472e-43,9.890728023263466e-42,True,41.0047717402684
ENSG00000112782.19,-0.7881476472597269,4.1355049844549584e-81,2.2648372842259268e-79,True,78.64496299413734
ENSG00000112837.17,-0.5289275696509399,1.5987197782557802e-46,2.066133644889129e-45,True,44.68484159019264
ENSG00000112936.19,-0.9753388611930787,5.541192664104431e-64,1.5123445899366598e-62,True,61.82034924292388
ENSG00000112964.14,-0.8380396328266349,2.3253725288355915e-83,1.4134517122160367e-81,True,80.8497190237336
ENSG00000112984.12,1.090223279865595,7.50217638129129e-47,9.787037332637395e-46,True,45.00934875506242
ENSG00000113209.9,-0.5551669870544764,5.676496333017107e-47,7.446306731232086e-46,True,45.12805907811792
ENSG00000113211.5,-0.5486445460382916,2.7948126982305596e-32,1.9116703179900209e-31,True,30.718587002971617
ENSG00000113212.7,-0.5059149278898338,4.358575871091125e-45,5.310294273486499e-44,True,43.27488141153432
ENSG00000113231.14,-0.5010933357106699,2.1968378689683482e-33,1.5719848036938668e-32,True,31.80355165658147
ENSG00000113248.6,-0.5115842757253264,7.849538319322691e-73,3.1692272231348113e-71,True,70.49904662221205
ENSG00000113368.12,0.6191462780430927,1.8148536645463558e-36,1.4842622823796072e-35,True,34.82848934856824
ENSG00000113389.16,-0.6224379295070297,1.0988240993750595e-20,4.250323334505766e-20,True,19.37157803064372
ENSG00000113396.13,-1.0098100504130587,2.516546663068476e-33,1.7930259908526532e-32,True,31.74641341506577
ENSG00000113430.10,-0.5335000409352146,6.835218107040549e-12,1.6369405291994643e-11,True,10.785967098419256
ENSG00000113578.18,-0.6524842119647296,2.8783681989196458e-64,8.014033874643053e-63,True,62.09614882617341
ENSG00000113594.10,-0.7661984538838555,1.2449984523767089e-117,2.347670945311262e-115,True,114.62936277482227
ENSG00000114378.17,-0.6923984251682294,3.259330119435292e-90,2.3931559292880195e-88,True,87.62102900342454
ENSG00000114698.15,-0.5517710657098029,5.140461491680909e-97,5.433173120570255e-95,True,94.26494645655094
ENSG00000115163.15,1.0003364211845172,1.0067453291063149e-50,1.5805044457133574e-49,True,48.80120427821981
ENSG00000115295.20,-0.6446314375067408,1.1103252942818861e-129,3.07078965555227e-127,True,126.51274993105338
ENSG00000115353.11,-1.1721746911855937,6.6323417702603e-103,9.021072076696674e-101,True,100.04474184723341
ENSG00000115507.10,0.6393257016124637,7.980034214390136e-32,5.330945561738725e-31,True,30.27319575235727
ENSG00000116141.17,-0.5379449795842197,2.501551736079498e-56,5.074663754095744e-55,True,54.294592728701176
ENSG00000116194.13,-1.099140458981755,5.690847393328668e-84,3.577042486549088e-82,True,81.44647590146013
ENSG00000116396.15,-0.5597310149502583,1.8878615154816573e-36,1.5409332999460216e-35,True,34.81221615952448
ENSG00000116678.20,-0.9684378466268593,1.0523013310395183e-81,5.939417784785635e-80,True,79.2262561249258
ENSG00000116690.13,-0.7626785146457822,2.713757633484535e-16,8.25822376124012e-16,True,15.083113353847454
ENSG00000116711.10,-0.7432398969041218,2.5289540688704194e-116,4.51241546439094e-114,True,113.34559092108461
ENSG00000116833.14,-0.5833215502413744,4.723860120283872e-57,9.878992988178457e-56,True,55.0052873228179
ENSG00000117013.17,-0.5029717780319052,1.7256265750092298e-36,1.4119845850938441e-35,True,34.85017004453437
ENSG00000117016.10,-0.5978625339040919,2.1939121368526367e-33,1.5705685072878625e-32,True,31.803943115178757
ENSG00000117114.20,-0.5026075412218101,8.341010437107767e-73,3.3594836697418997e-71,True,70.47372746564977
ENSG00000117122.14,0.5559908488010699,9.462737647133026e-48,1.282881278729783e-46,True,45.89181353254028
ENSG00000117399.14,0.9176641958085832,2.741672553180652e-41,2.7859959796374613e-40,True,39.555019514625094
ENSG00000117407.17,0.8639296020966394,9.759650213407824e-53,1.6747842362077503e-51,True,50.77604113552872
ENSG00000117425.14,-0.5817099762582225,7.91344347800478e-40,7.495187275913888e-39,True,38.125217511330725
ENSG00000117525.14,-0.5361108201325764,3.945129392700535e-83,2.3214708206550594e-81,True,80.63423677075643
ENSG00000117586.11,0.6085815282962614,2.0912035019685346e-43,2.3431080966688632e-42,True,41.63020767525114
ENSG00000117594.10,-0.6988961609476518,1.400682262391763e-31,9.249073403155158e-31,True,30.03390177386135
ENSG00000117650.13,1.400458540139286,2.8539558160294684e-56,5.782483859730524e-55,True,54.23788557077347
ENSG00000117724.13,0.9452950592769924,2.6584717530403333e-45,3.2605085195825046e-44,True,43.486714660660375
ENSG00000118193.12,1.1193052121362923,1.9349204510551147e-62,4.947314324315651e-61,True,60.305630496149014
ENSG00000118495.20,-0.6720190592383091,5.038388350272333e-101,6.239329573464111e-99,True,98.20486207348864
ENSG00000118596.12,-0.9902836312223451,1.5801311532680168e-52,2.6865467579231016e-51,True,50.570805596364124
ENSG00000118729.12,-1.0225003923031444,3.178531988332056e-67,9.970616222000405e-66,True,65.00127799980828
ENSG00000118777.12,-0.611412380509301,5.574153565434636e-45,6.766459712130384e-44,True,43.16963849965191
ENSG00000119147.10,-1.4505511514077425,7.567986551502917e-166,5.708325856165427e-163,True,162.2434912434244
ENSG00000119508.18,-0.617101546030161,3.661592009757276e-19,1.299967004918961e-18,True,17.886067670588144
ENSG00000119771.15,-1.0201077998766752,1.1247123429775372e-98,1.2871363185771896e-96,True,95.89037545521626
ENSG00000119915.5,-0.6391655760337844,2.930732569073596e-24,1.3554229724416735e-23,True,22.86792515797583
ENSG00000119927.14,-0.8420475460913255,6.98375065797492e-51,1.1026485101658977e-49,True,48.9575629049876
ENSG00000119969.15,0.5916245347382243,4.68410373584858e-28,2.6375302813936663e-27,True,26.578802545545745
ENSG00000120049.20,-1.3418024511098643,1.1959586396935913e-54,2.2500836357228405e-53,True,52.6478013388407
ENSG00000120156.22,-0.5330290754009974,3.7746093630726193e-60,8.7971724397229e-59,True,58.05565689502636
ENSG00000120162.10,-0.6007017812719129,3.0079433603504334e-90,2.2183916498513374e-88,True,87.65396177813552
ENSG00000120279.6,-0.5370118245747939,1.4390574836320353e-79,7.370283914626541e-78,True,77.13251578213
ENSG00000120332.16,-0.5448311400115926,2.1149190128870062e-33,1.5153266882490062e-32,True,31.81949372781583
ENSG00000120693.14,-0.5633210359431198,1.6993376696931295e-64,4.7957158657972433e-63,True,62.31914655567574
ENSG00000120833.14,-0.5858927328436043,2.6188494552795673e-81,1.4582948946613804e-79,True,78.83615464462291
ENSG00000120949.15,-0.549455662409407,2.4556606911532544e-39,2.2651046975540357e-38,True,37.64491171924977
ENSG00000121005.9,-0.5088733937934076,2.5370922203696304e-19,9.085133427883826e-19,True,18.041668690087576
ENSG00000121152.10,0.8982841570105928,6.322153941462162e-52,1.0512006262988288e-50,True,49.97831438903425
ENSG00000121621.7,0.7589347024736806,4.736330754631195e-44,5.473166611584265e-43,True,42.26176133106628
ENSG00000122420.10,-0.9960108303123553,3.7850754665850476e-60,8.809192467393026e-59,True,58.05506390123939
ENSG00000122591.12,-0.6919407828612594,2.628846630858249e-83,1.5805464127703544e-81,True,80.80119274657284
ENSG00000122641.11,0.9326266085210628,2.9034310309494725e-61,7.137708818900081e-60,True,59.14644117295703
ENSG00000122707.12,-0.5174549701350482,2.866936761339371e-73,1.1717721334400374e-71,True,70.93115683440251
ENSG00000122756.15,-1.1565086412126788,8.027080082750865e-111,1.3320136689316786e-108,True,107.87549131847567
ENSG00000122877.16,-0.5655430687451335,1.3564745213547581e-36,1.1137723012053862e-35,True,34.953203586933995
ENSG00000122952.17,0.6372443582205252,7.525410472937224e-40,7.131733945626516e-39,True,38.14680486685696
ENSG00000122966.17,0.6511093655241363,8.324491912883957e-52,1.3731274234830654e-50,True,49.86228915923244
ENSG00000123219.13,0.65292022778269,1.883538095593288e-36,1.538160982198574e-35,True,34.812998209383835
ENSG00000123243.15,-1.172449569271166,1.536832683099425e-119,3.148419943623686e-117,True,116.50190734523456
ENSG00000123364.5,0.8217150730805032,1.0457363976936433e-28,6.052650778977438e-28,True,27.21805438294162
ENSG00000123388.4,0.9704780433416631,6.759941576586776e-40,6.424654669065348e-39,True,38.19215021108615
ENSG00000123473.16,0.63417837843826,7.28067755043128e-39,6.594735986455058e-38,True,37.18080258630728
ENSG00000123485.12,1.1740368265822236,8.816184356109607e-56,1.7333621232853414e-54,True,53.76111069769249
ENSG00000123500.10,1.9849882969658421,1.1878613536276637e-86,7.82197273892756e-85,True,84.10668370198066
ENSG00000123689.6,-0.8176266253889097,1.8204269497670684e-52,3.085614382475458e-51,True,50.51065834983064
ENSG00000123700.5,-0.5483801118135154,1.4006677496246822e-46,1.815834424786873e-45,True,44.74092375475753
ENSG00000123975.5,0.5207468366591632,3.3461567534968757e-40,3.226387284574501e-39,True,38.49128350258301
ENSG00000124102.5,-1.1022317974245384,3.3722930131453666e-37,2.8463799725398888e-36,True,35.54570712499582
ENSG00000124143.10,-0.7611927939752574,2.5789655043535957e-15,7.464739853347909e-15,True,14.126985322865165
ENSG00000124212.6,-0.5504764793562855,2.217988836432977e-46,2.8509145431269414e-45,True,44.54501580058063
ENSG00000124224.17,-0.5396543127053126,9.327618920468447e-50,1.397443837815829e-48,True,47.854665637049266
ENSG00000124243.17,0.5994978633184544,1.4091135066708959e-24,6.607185512771078e-24,True,23.179983499148737
ENSG00000124507.11,0.8071128294576415,2.7715003184198383e-67,8.743398533053003e-66,True,65.05831972557351
ENSG00000124575.7,0.6563558373247611,1.7815302158953923e-26,9.215309352421489e-26,True,25.035490081194276
ENSG00000124615.20,-0.5139514170079345,1.933246095983358e-59,4.376573767632721e-58,True,57.35886574705349
ENSG00000124635.9,0.6430442350458043,8.709324317962175e-43,9.458280610750284e-42,True,41.02418780536684
ENSG00000124743.6,-1.0431959651218907,2.050223598537533e-47,2.7304502724022332e-46,True,45.5637657285289
ENSG00000124785.9,-0.5768094595939313,7.771699804716346e-81,4.200768291839187e-79,True,78.37667127284213
ENSG00000125355.16,-0.8510011036845737,7.127527350441327e-65,2.0392101526417823e-63,True,62.69053801530589
ENSG00000125508.3,0.745146303791357,6.765199689819743e-23,2.9121069689460134e-22,True,21.53579267634741
ENSG00000125740.14,-0.960675217782708,3.899450884405719e-70,1.3885727033439592e-68,True,67.85743137638583
ENSG00000125845.7,-0.888209578475812,1.4697214177802884e-57,3.126738103416167e-56,True,55.50490849387843
ENSG00000125869.10,0.9045217943281909,4.186240072064109e-32,2.8330533342508896e-31,True,30.547745249499037
ENSG00000126218.12,-0.8897294155541697,3.997025145213731e-64,1.0981231003257725e-62,True,61.959348972458294
ENSG00000126787.13,1.1012409889819816,1.5570928773688927e-47,2.0845697166600507e-46,True,45.68098357568547
ENSG00000126895.15,-1.0866296346328115,3.3233979899223956e-97,3.60447491795897e-95,True,94.44315799220448
ENSG00000127129.10,0.654955677006632,6.572364221254631e-20,2.4338721688796998e-19,True,18.613702235394385
ENSG00000127249.15,-0.596620018005263,6.206544369063077e-13,1.5825352990201706e-12,True,11.800646594107635
ENSG00000127324.9,-0.8791905024415672,1.3295773146209995e-49,1.971671667454948e-48,True,47.70516540424498
ENSG00000127329.16,-0.5792330180185692,7.150896050795259e-55,1.3561367893359604e-53,True,52.86769650231439
ENSG00000127423.11,0.6553185328094226,1.5094346762804382e-57,3.2071138307551332e-56,True,55.49388562529404
ENSG00000127561.15,0.7985930714161045,6.054169745635658e-75,2.6026656155201583e-73,True,72.58458162546083
ENSG00000127564.17,1.3465527019529535,2.0783235039486345e-61,5.124472544505742e-60,True,59.29035082935498
ENSG00000127585.12,0.5018121197152114,1.0306632350927493e-12,2.5909446634038904e-12,True,11.586541862442571
ENSG00000127586.17,0.5414404040207679,7.865651571662113e-27,4.1567714070115e-26,True,25.381243857957873
ENSG00000127743.6,-1.0102961925865634,5.731690473934931e-34,4.219683749976763e-33,True,32.3747200966181
ENSG00000127954.13,-0.6530643654409098,2.1127100660494478e-98,2.401254166850996e-96,True,95.61956186850658
ENSG00000127955.17,-0.8203973040542198,1.582833009191376e-65,4.690273384736017e-64,True,63.328801842568076
ENSG00000128165.9,0.7030400550483282,1.3193375704673291e-24,6.193235542951869e-24,True,23.208082402461127
ENSG00000128268.12,-0.6851908102054189,2.0477698650153994e-53,3.618817160816352e-52,True,51.44143335887978
ENSG00000128408.9,0.6087445687754718,6.5386262566599244e-24,2.972656550767528e-23,True,22.526855264600215
ENSG00000128422.17,-0.5276833171661557,1.9287530016920793e-08,3.78900524565862e-08,True,7.421474793468999
ENSG00000128591.16,-0.6220264565076807,1.1578657091560516e-48,1.636594853299448e-47,True,46.786058818910355
ENSG00000128596.17,-0.5495393677169025,3.0433834121794987e-34,2.2673280971235118e-33,True,32.644485630089584
ENSG00000129048.7,-0.6129891674024248,5.040919007176535e-31,3.24472498080246e-30,True,29.48882210760985
ENSG00000129151.9,-1.0524302510786538,6.690321589097482e-37,5.5872771237787424e-36,True,35.25279978750091
ENSG00000129173.13,1.0340163598437284,5.976410637108151e-54,1.091007239957895e-52,True,51.96217236741044
ENSG00000129195.16,0.9987759575054661,7.560219564102429e-46,9.489733997482277e-45,True,44.022745960917774
ENSG00000129244.9,-0.6588919371794595,1.0716002796414114e-94,9.878963911316433e-93,True,92.0052886010797
ENSG00000129354.12,0.5151129564336037,1.5302920741965566e-10,3.409461154567355e-10,True,9.467314253291837
ENSG00000129451.12,-0.7243330874327161,1.3809496495957592e-20,5.318050240285919e-20,True,19.27424756415077
ENSG00000129467.14,-0.6298988009754549,1.2538585455962257e-78,6.210904091230975e-77,True,76.20684517707723
ENSG00000129596.5,-1.0712225982768533,1.6088536003328011e-96,1.6180191905407577e-94,True,93.79101633173701
ENSG00000129654.8,0.7114702766433145,2.229205852010232e-41,2.2777981470602085e-40,True,39.64248476467398
ENSG00000129680.16,-0.6108476984003135,1.3394374927723053e-67,4.2825868506866347e-66,True,65.36829382079877
ENSG00000129757.14,-0.546691065898762,1.9607260914467795e-116,3.553893611268769e-114,True,113.449295577299
ENSG00000129810.15,1.0106477055749217,2.3959145539717302e-64,6.715845626453866e-63,True,62.17289929531388
ENSG00000129988.6,-0.5043757829101658,2.5759427716609684e-15,7.458592628327012e-15,True,14.127343112395065
ENSG00000130176.8,-0.7638574995958103,1.8258484264713127e-50,2.8316008213892485e-49,True,48.54796797036326
ENSG00000130224.15,-0.5463224009935701,1.5978625138140483e-52,2.713913055704229e-51,True,50.56640406973182
ENSG00000130307.12,-0.72582314113118,8.85231942870809e-71,3.2498979778757087e-69,True,68.48813027235684
ENSG00000130518.17,-0.6583809475882259,1.4875698043284997e-37,1.280992907785528e-36,True,35.892453274719124
ENSG00000130528.12,-0.5723647771514664,1.7837525753743764e-44,2.1067324011218793e-43,True,42.6763906253301
ENSG00000130545.16,0.5894463806081012,6.874485323166578e-15,1.9436907386714294e-14,True,13.711372834663342
ENSG00000130701.4,0.6468521270696135,2.1276937763679337e-17,6.889161078058438e-17,True,16.161833660727005
ENSG00000130988.13,-1.0324214961019884,1.1505303157988867e-191,1.3637071471690517e-188,True,187.86527888336266
ENSG00000131016.17,-0.6747295038732704,8.461857578234038e-63,2.200878756319994e-61,True,60.657403881531856
ENSG00000131018.24,-0.5233339364610303,1.7107353551304741e-71,6.481265407085637e-70,True,69.18834019387278
ENSG00000131153.9,0.6106612594102105,1.2017474779670405e-27,6.620782752119877e-27,True,26.17909066239862
ENSG00000131187.10,0.888013890225521,5.173433840213079e-41,5.193464074077182e-40,True,39.284542868276134
ENSG00000131188.12,0.5916519642218312,4.743589507753257e-25,2.2829212381571215e-24,True,23.64150907161261
ENSG00000131386.19,-0.9455662420918203,1.9798748696553582e-75,8.668613083657259e-74,True,73.06205038098933
ENSG00000131471.7,-0.7511471060128199,3.024482710999121e-63,8.081846393932273e-62,True,61.09248940814994
ENSG00000131480.9,-0.746051967705493,1.7340941391767925e-39,1.612979716675992e-38,True,37.79237109385783
ENSG00000131650.14,0.9345138746699798,1.8128218153322296e-71,6.821307302408848e-70,True,69.1661323849016
ENSG00000131730.16,-0.8384318568958382,3.562340754940096e-64,9.868694906089475e-63,True,62.005740277174354
ENSG00000131747.15,0.9584311354815598,1.5208721137789685e-39,1.417828755957764e-38,True,37.84837621967031
ENSG00000131771.14,-0.6524968101716682,1.397022363609184e-51,2.277228791918546e-50,True,49.64259333386615
ENSG00000132031.13,0.6915001748104881,4.210017465488873e-43,4.641928891848662e-42,True,41.33330151664061
ENSG00000132170.23,-0.8510565587887138,1.8450503527649727e-62,4.724809499040425e-61,True,60.32561569724644
ENSG00000132182.12,0.5217441068465174,2.9748686591744815e-21,1.1872287284834379e-20,True,19.925465602908314
ENSG00000132329.11,0.6857854572075526,6.553000639869442e-29,3.823397678330177e-28,True,27.41755052789723
ENSG00000132514.14,-0.6305428022216462,1.2746746144157613e-37,1.1010906065390496e-36,True,35.958176942335356
ENSG00000132561.14,-0.8278124049270357,6.096154141714707e-198,9.196325620692167e-195,True,194.036385659764
ENSG00000132749.11,0.588756970027426,3.8295427729414675e-20,1.4409848701630549e-19,True,18.841340579102177
ENSG00000132840.10,-0.8628182533709889,7.181118812761849e-44,8.235209784310305e-43,True,42.08432533310529
ENSG00000132970.14,-0.7623206606297044,8.762436246743628e-92,6.858672975399234e-90,True,89.16375990400336
ENSG00000133067.17,-0.7995776631968021,4.8152114427197775e-23,2.0939103427801883e-22,True,21.679041917914784
ENSG00000133116.8,-1.0017427928914189,1.3772611833949007e-101,1.7854900060355454e-99,True,98.74824257635093
ENSG00000133317.16,-1.4192312746185507,1.976575193394181e-50,3.059635145446179e-49,True,48.514330359063095
ENSG00000133392.18,-1.04046409325433,2.165036797179598e-119,4.328508507517861e-117,True,116.36366172455666
ENSG00000133401.16,-0.7657976709663465,3.273853891885062e-61,8.024568904274848e-60,True,59.09557828945562
ENSG00000133466.14,0.6015184518962913,2.470552527668188e-49,3.59932823916821e-48,True,47.44377854624531
ENSG00000133687.16,-0.889327402963022,2.3308082876870765e-155,1.2476591201896564e-152,True,151.90390405443122
ENSG00000133800.9,-1.38736699887707,1.7580237764585678e-66,5.352779182853849e-65,True,64.27142067211183
ENSG00000134020.8,-0.5651770059987493,7.278019854358966e-22,2.980539522784617e-21,True,20.52570511493047
ENSG00000134028.14,0.8527443697116499,1.4041997165191677e-27,7.715658972158632e-27,True,26.112626976178845
ENSG00000134057.15,0.5738142112029223,5.137877637001128e-49,7.394444189800235e-48,True,47.13109446458453
ENSG00000134121.10,-1.2359959817206558,2.1985637243302587e-101,2.784959270346283e-99,True,98.55518115194204
ENSG00000134138.20,-0.6643262225941822,7.701369194016798e-72,2.96511648272656e-70,True,69.52795824098042
ENSG00000134201.12,-1.184259759208772,5.338396344154832e-63,1.4016669135269823e-61,True,60.85335517809817
ENSG00000134222.16,0.5555359413950225,8.430171146711784e-31,5.37625903184225e-30,True,29.269519814844557
ENSG00000134240.12,-0.8281385296240995,8.056018434268081e-15,2.2692508894626474e-14,True,13.644117485655107
ENSG00000134339.9,-1.2171182989552716,3.945051105758831e-61,9.598853086358071e-60,True,59.01778065529608
ENSG00000134569.10,-0.5960387984191449,1.495851953609993e-41,1.5446277111514763e-40,True,39.81117617803564
ENSG00000134668.12,0.6458366481146274,1.8125327568692045e-41,1.8623633787918008e-40,True,39.72993557684175
ENSG00000134690.11,0.8053318866698334,9.971679596473268e-50,1.4907211821970936e-48,True,47.8266035774434
ENSG00000134757.5,-0.8260493225122074,1.2080946420874262e-19,4.412749832885483e-19,True,18.355290692828586
ENSG00000134762.17,-0.7883439378881341,3.5107883561423595e-19,1.247495117383861e-18,True,17.903961145502084
ENSG00000134775.15,-0.584059500469041,1.9470225577063015e-44,2.2979297526727145e-43,True,42.63866325175431
ENSG00000134827.8,-0.6827392678080189,6.976387283914476e-13,1.7720215917538161e-12,True,11.751530990619168
ENSG00000135063.19,-0.8634970522833141,1.1580085716084774e-49,1.7234075549122038e-48,True,47.763612007566906
ENSG00000135074.16,0.5052540493238222,2.249639282781347e-39,2.0785364286455273e-38,True,37.68224235960083
ENSG00000135094.11,0.8806630408957561,4.123028794932456e-34,3.0529915137487357e-33,True,32.5152744028868
ENSG00000135114.12,0.5063393137808574,3.012539039023213e-35,2.339264053044043e-34,True,33.63092075283495
ENSG00000135119.15,0.6464962949833576,1.1528259202670459e-69,3.968878282346755e-68,True,67.40133221984208
ENSG00000135127.11,0.9265119276051632,5.4558599277798846e-37,4.574761982899414e-36,True,35.33963149661445
ENSG00000135144.7,-0.7246970284773153,1.3473186118067267e-55,2.636486443905758e-54,True,53.578974457350554
ENSG00000135218.19,-1.0668346151563002,1.8966775292085589e-109,3.055676399969595e-107,True,106.51489264000108
ENSG00000135324.6,-0.7321693880745137,1.5578228153968792e-49,2.299867597748738e-48,True,47.638297165383385
ENSG00000135374.11,-0.8106438183600588,1.2405318204666748e-16,3.8484548567627596e-16,True,15.414713603446145
ENSG00000135424.18,-0.910200515689159,2.3516699063515584e-66,7.121096793065285e-65,True,64.14745311106934
ENSG00000135447.17,-1.2545557716459403,8.480998207203386e-99,9.773172517384235e-97,True,96.00996443493617
ENSG00000135451.13,1.1564954641032061,1.9115171187360544e-56,3.9111855817886665e-55,True,54.407691576726315
ENSG00000135476.12,0.9147829341119419,7.555565539393485e-46,9.489733997482277e-45,True,44.022745960917774
ENSG00000135604.10,-0.5705660516762787,1.5189418417167418e-30,9.587417619417122e-30,True,29.018298354733837
ENSG00000135773.13,0.6067844986825419,3.725828938893516e-24,1.714067241807569e-23,True,22.76597214497223
ENSG00000135917.16,-1.5280278651493533,1.1401101709692191e-52,1.9463979606032123e-51,True,50.710768359122056
ENSG00000136002.20,-0.6481063105629363,1.10919576638257e-83,6.893630916611374e-82,True,81.16155197233073
ENSG00000136114.17,-0.500981728787798,1.4914013209540614e-93,1.3094345777731056e-91,True,90.88291619500271
ENSG00000136158.12,-0.7070333901949799,2.5113700262755275e-256,4.16736742160161e-252,True,251.38013820769257
ENSG00000136160.17,-0.7302225602373762,1.6590817708277512e-116,3.0589781005684116e-114,True,113.51442363214782
ENSG00000136244.12,-0.9450211013872132,3.4849380629572327e-32,2.3729611086053474e-31,True,30.624709379547728
ENSG00000136274.9,-0.6280559594272737,2.822978703837599e-71,1.0526855867748566e-69,True,68.97770132332407
ENSG00000136492.9,0.6765439644992148,2.468836056857999e-40,2.3957816097954173e-39,True,38.62055277308719
ENSG00000136826.15,-0.5652795981087584,3.070926585612274e-63,8.192758161036991e-62,True,61.08656986472773
ENSG00000136842.14,-1.0758259751451646,9.549907474628912e-105,1.3780101272521057e-102,True,101.86074759070594
ENSG00000136960.13,-0.743260579969458,1.4560446900818936e-101,1.872992681179763e-99,True,98.72746391965063
ENSG00000136999.5,-0.5283015186240037,3.5546736571852983e-51,5.671755256474312e-50,True,49.24628251778549
ENSG00000137033.11,-1.0136010616844622,2.5613220741236263e-211,6.071796928286779e-208,True,207.21668276188188
ENSG00000137070.18,-0.5151301436954907,5.834034019466294e-103,8.000823183390386e-101,True,100.09686532730655
ENSG00000137077.8,-0.910169377057306,5.0763462536686e-74,2.1271941851862817e-72,True,71.67219286284505
ENSG00000137135.18,0.5840581058575587,1.1091039441537407e-49,1.655078313784818e-48,True,47.7811814517735
ENSG00000137142.5,0.5969370197972237,2.0392476363196572e-54,3.8021657614706055e-53,True,52.41996895329837
ENSG00000137225.13,-1.0143163346919994,4.076814936450988e-72,1.591780401305122e-70,True,69.79811684682427
ENSG00000137285.10,-0.7218300842877874,6.828379981043298e-47,8.91503834818509e-46,True,45.049876784359704
ENSG00000137441.8,-1.2292241113049807,1.975891595436546e-51,3.192594462967288e-50,True,49.495856243903695
ENSG00000137558.9,-0.892212123074839,2.9002084058301797e-22,1.2095013391893943e-21,True,20.917393646440388
ENSG00000137672.13,-0.5399126460667545,4.803884974057768e-46,6.094469973969006e-45,True,44.21506405828018
ENSG00000137699.17,-0.7053204078938451,1.504885541424936e-16,4.641738696550498e-16,True,15.333319311497588
ENSG00000137727.12,-1.108627474712629,2.119349146009341e-92,1.7155355965306831e-90,True,89.76560026611467
ENSG00000137745.12,1.7475123022554706,2.711169666132249e-77,1.2817421492820096e-75,True,74.89219933394915
ENSG00000137807.16,0.8129059647937662,2.8785095348273188e-43,3.203620873301444e-42,True,41.4943588853392
ENSG00000137812.20,0.9530743948134007,4.444797142703311e-56,8.90784586787666e-55,True,54.05022730615414
ENSG00000137825.11,0.7653225074439043,1.3091705407807354e-72,5.234789386437475e-71,True,70.28110078679279
ENSG00000137868.19,0.5587605721632505,9.766768768529442e-18,3.2227035383769644e-17,True,16.49177964409016
ENSG00000137872.17,-0.8075551984590925,3.3256751348414403e-81,1.8395417729186288e-79,True,78.73529034561918
ENSG00000137960.6,-1.0719971523221385,4.1633099566873095e-143,1.8180517216123476e-140,True,139.7403937657283
ENSG00000137975.8,-0.8473790475276137,2.5342596394692477e-30,1.583339776255749e-29,True,28.800425877861137
ENSG00000138131.4,-0.8441444734451049,7.551406524749856e-92,5.9387696621658345e-90,True,89.22630351870181
ENSG00000138160.7,0.7135854087426146,1.6910194092181212e-42,1.8162314612663755e-41,True,40.74082880562485
ENSG00000138180.16,1.0552410713981626,1.1017788606502032e-50,1.7280641222712167e-49,True,48.76244014644516
ENSG00000138207.14,-1.3016450236796928,8.381748182086009e-63,2.1834651386740225e-61,True,60.66085373765716
ENSG00000138316.11,1.0673707533841228,8.505541634193559e-56,1.6762584070998565e-54,True,53.77565903097604
ENSG00000138346.15,0.5312371857198124,8.59160511562492e-40,8.105121960698121e-39,True,38.09124044578034
ENSG00000138356.14,-0.852360951384193,2.980910534248061e-67,9.368414660097031e-66,True,65.02833389498453
ENSG00000138639.18,-0.5012827658705328,2.937888463840515e-83,1.7473591816834948e-81,True,80.75761781362635
ENSG00000138640.15,-0.7288493043121844,7.310808147973131e-91,5.51434320033937e-89,True,88.25850620787566
ENSG00000138678.11,-0.5653236236448169,5.660731795982138e-48,7.782450987781906e-47,True,46.108883605730945
ENSG00000138685.17,-1.0883253534606077,1.228076516027407e-117,2.3423795065469876e-115,True,114.63034274024281
ENSG00000138696.11,0.5743286022900214,3.1482670556839526e-15,9.049427251345835e-15,True,14.043378906922026
ENSG00000138722.10,-1.1828321615794415,2.0240356517950047e-57,4.284036684424274e-56,True,55.3681468189385
ENSG00000138738.11,-0.5747864578990898,5.3700416075736535e-71,1.9802326763572713e-69,True,68.70328377735406
ENSG00000138772.13,-0.5702437256179249,4.219829262498602e-93,3.6281785897358445e-91,True,90.44031134382035
ENSG00000138778.13,0.820349040882862,6.11993177549039e-58,1.3240436490545964e-56,True,55.87809769750124
ENSG00000138795.10,0.5943877313826855,6.191643686340595e-24,2.81954268197409e-23,True,22.549821326716515
ENSG00000138829.12,0.6977229634043505,4.256853988581119e-43,4.690453857006314e-42,True,41.32878513211288
ENSG00000139144.11,-1.0772770371504499,3.444371756070241e-29,2.0361918389821724e-28,True,27.691181307530503
ENSG00000139263.12,-0.5036675237567096,5.039243516990177e-96,4.94800040952278e-94,True,93.3055702730984
ENSG00000139547.7,0.5036576541970875,1.8340249357026204e-49,2.6908761965560812e-48,True,47.57010628305728
ENSG00000139572.4,0.5775674565979398,5.060996340563478e-28,2.8439611674673334e-27,True,26.546076337924617
ENSG00000139734.19,0.7032974624448414,3.055805218153661e-46,3.909640076333219e-45,True,44.407863222158426
ENSG00000139737.22,-0.6624286587955761,1.6174620139354916e-48,2.2765194791556867e-47,True,46.64272862927688
ENSG00000139910.20,-0.8283528159525226,2.7683477295212833e-105,4.101603769971087e-103,True,102.38704629638761
ENSG00000139946.10,-0.6547318115669747,2.570579911194676e-91,1.9840094440169512e-89,True,88.70245626490629
ENSG00000140285.12,-0.6874700705361996,4.4081520710502294e-70,1.5563590524895213e-68,True,67.80789020392315
ENSG00000140451.13,0.636385840871852,2.2028904775029424e-56,4.490757319862878e-55,True,54.34768041353941
ENSG00000140525.19,0.5456021939885678,2.657230484680727e-39,2.449671259043999e-38,True,37.610892193171175
ENSG00000140534.14,0.5780417899218475,7.928138201567739e-40,7.50482175224273e-39,True,38.124659618269035
ENSG00000140563.15,-0.5300057168771072,6.124085214504476e-22,2.515422525977408e-21,True,20.599389054231157
ENSG00000140876.11,-0.6279845476284265,2.3866747569276633e-96,2.371525803380697e-94,True,93.62497214564635
ENSG00000140945.17,-0.6088307091923228,2.6209538139901096e-62,6.640016425855249e-61,True,60.17783084628718
ENSG00000141294.10,0.5418887303055497,1.219266909661095e-31,8.07685233489669e-31,True,30.09275785703767
ENSG00000141338.14,-1.3881474943327774,7.233185957868955e-113,1.2247702835191576e-110,True,109.91194535942624
ENSG00000141404.17,-0.8560443192132872,1.0537251324629868e-104,1.5073719696630003e-102,True,101.82177956491262
ENSG00000141526.17,0.681048638108277,1.1397918107722669e-40,1.124477128891498e-39,True,38.949049373396186
ENSG00000141576.16,-0.610620418874299,1.7098252911374964e-32,1.1795648261233704e-31,True,30.928278186313765
ENSG00000141750.7,-1.0846386615638806,1.5950704644769513e-24,7.453843786970018e-24,True,23.127619713160904
ENSG00000141977.9,0.7290759657363144,2.4028601453349445e-42,2.5674862364255035e-41,True,40.590491875855506
ENSG00000142731.11,0.5174219069601216,6.433831904917175e-40,6.128760426532468e-39,True,38.212627354903155
ENSG00000142910.16,-0.5349303215142682,1.688203905593915e-130,5.093464656259169e-128,True,127.29298670308074
ENSG00000142945.13,0.9736303871682932,6.796826860764796e-49,9.714603352931183e-48,True,47.01257492693758
ENSG00000143196.5,-0.7859264962277113,1.5002381255720384e-62,3.859682396239133e-61,True,60.413448430881544
ENSG00000143228.13,1.1752768769321382,1.201975559589781e-60,2.8493689194046897e-59,True,58.5452513172438
ENSG00000143382.15,-0.6248140632221297,9.86844002912763e-58,2.1212032881262166e-56,True,55.673417708343045
ENSG00000143476.18,0.9555157728046819,6.194754020140846e-45,7.503339285417312e-44,True,43.12474541521143
ENSG00000143867.7,-1.0774530331741345,1.7902716616177713e-89,1.2805072393485043e-87,True,86.89261796190448
ENSG00000144366.16,-0.613525934464606,5.980834963874085e-59,1.3375468381472583e-57,True,56.87369100093834
ENSG00000144485.11,0.7882965482231277,1.5735645182043533e-49,2.318981315726735e-48,True,47.634702750503656
ENSG00000144642.22,-0.8007369047132344,6.422438006550891e-135,2.2202903391813642e-132,True,131.6535902307477
ENSG00000144648.16,-0.5021650550490684,4.952605724216341e-34,3.65747838841326e-33,True,32.43681823138736
ENSG00000144681.10,-0.7239580305292477,2.0255599040640374e-72,8.060465479145957e-71,True,70.09363987765057
ENSG00000144857.14,-0.6614847083399142,1.8439607647784585e-92,1.4999355358202813e-90,True,89.82392740563708
ENSG00000144891.18,-0.7477482187194875,1.0172418382778231e-75,4.53766426461887e-74,True,73.3431676400988
ENSG00000145244.12,0.5675507422979081,2.448456807749912e-28,1.3933364975240754e-27,True,26.855943986684565
ENSG00000145283.8,-0.7694955775976472,1.1023125466321753e-52,1.8838078680550277e-51,True,50.724963393527496
ENSG00000145358.6,-0.5583696759451757,2.0021385031355477e-42,2.1420687505500505e-41,True,40.66916659442603
ENSG00000145362.20,-0.7896307673512475,1.8678637491115227e-56,3.8265840805872354e-55,True,54.41718873958426
ENSG00000145386.11,0.8246005950797541,4.488625047260952e-47,5.906760034436815e-46,True,45.228650672249856
ENSG00000145934.16,-0.7855807635457763,5.340003962647871e-24,2.4377448626183982e-23,True,22.613011750134877
ENSG00000145936.9,-0.835360419259819,9.477665456841757e-35,7.211021576837786e-34,True,33.14200320494004
ENSG00000146038.12,-0.5888504946080366,1.0249913516094342e-12,2.577857909761587e-12,True,11.588741024417498
ENSG00000146122.17,-0.6018326043127797,5.805056809578619e-56,1.1508854563697444e-54,True,53.93896789804005
ENSG00000146197.9,0.5271039668662354,6.378663875244981e-34,4.681448400964848e-33,True,32.32961975905667
ENSG00000146233.8,-0.7707418319404766,2.1477930494960807e-73,8.843791033086344e-72,True,71.05336152776788
ENSG00000146281.6,-0.5141894247100962,1.7603361773252986e-44,2.0826258182212262e-43,True,42.68138875198186
ENSG00000146374.14,-0.977319567551129,9.250087875517212e-88,6.3428081903443225e-86,True,85.19771842168382
ENSG00000146410.12,0.8639093105461622,6.319910542462263e-65,1.8144047671560346e-63,True,62.74126582172301
ENSG00000146477.6,-1.0910978229657415,4.6912035954098176e-82,2.6751145176024232e-80,True,79.57265762175555
ENSG00000146592.17,-0.805371970422095,5.3224746822621814e-74,2.2247139767621823e-72,True,71.6527258167274
ENSG00000146648.19,-0.8306894233192499,6.325426793622215e-197,8.747011017780585e-194,True,193.05814032643468
ENSG00000146670.10,0.8831833745261917,5.1911360453172484e-49,7.464619717157229e-48,True,47.12699231237927
ENSG00000146938.16,-0.7208092383861229,1.126122654028905e-53,2.020203169833043e-52,True,51.69460495179083
ENSG00000146955.11,0.5541372775559146,1.0665085270464118e-18,3.700887180637423e-18,True,17.43169415391419
ENSG00000146966.13,-0.7526746285825556,7.003280050650842e-75,3.0029051462661516e-73,True,72.5224583857843
ENSG00000147113.17,-0.5617906264322454,2.638930657706584e-88,1.839933417394246e-86,True,85.73519789274127
ENSG00000147251.15,-0.5229087669558972,2.22617533026729e-37,1.894418124638739e-36,True,35.72252415987222
ENSG00000147257.15,-0.86135588229955,3.726923409748915e-132,1.1668786237995e-129,True,128.93297431598168
ENSG00000147536.12,0.5303315393225063,1.4842637301236818e-34,1.1175078193136288e-33,True,32.951749429383604
ENSG00000147576.17,-0.6739859221747384,6.48008021183107e-76,2.9220231259544777e-74,True,73.53431635122354
ENSG00000147799.11,0.5208441256572789,1.3265476053280536e-23,5.949386746706411e-23,True,22.22552779834666
ENSG00000147852.16,-0.5775950927514251,5.835880455042844e-48,7.997934215331794e-47,True,46.09702217235002
ENSG00000147862.17,-0.5257110543793075,1.1347627150679197e-126,2.9422269521620407e-124,True,123.53132383049696
ENSG00000147889.18,0.5619808631496925,3.4951426348842615e-32,2.377520841702378e-31,True,30.623875667283645
ENSG00000148053.17,-1.1252273983177032,5.188831953712973e-189,5.740231829327538e-186,True,185.24107056750367
ENSG00000148143.13,-0.519173374634992,1.1202954576236767e-53,2.0141043146053404e-52,True,51.695918040195366
ENSG00000148773.14,1.0057076531398692,6.825797841887839e-41,6.7987568660436254e-40,True,39.16757048958389
ENSG00000148926.10,-0.5155256389719503,1.2472790449008107e-46,1.6195108349831028e-45,True,44.79061614209182
ENSG00000149043.16,-0.7348592608519737,1.929492383997054e-17,6.260851900674054e-17,True,16.20336656925126
ENSG00000149090.12,-1.1082122996070531,4.308294728906669e-120,9.165620863009905e-118,True,117.03783811136225
ENSG00000149231.15,-0.5277871870386432,1.4865008705432853e-71,5.657567762797082e-70,True,69.24737023563526
ENSG00000149243.16,0.510946618238888,1.7967262224256984e-26,9.29101743064258e-26,True,25.031936725153905
ENSG00000149289.11,-0.5983581300651357,2.365093092222892e-65,6.90956950217371e-64,True,63.16054901031822
ENSG00000149380.12,0.8452971088409256,4.437411184438221e-46,5.633848599431358e-45,True,44.24919482815518
ENSG00000149451.18,-1.102371412465751,8.580682337638455e-119,1.6751510907149708e-116,True,115.77594601554983
ENSG00000149527.18,-0.5051126005250861,5.508032879290424e-12,1.324833999115021e-11,True,10.87783853514964
ENSG00000149554.13,0.5137056282218126,2.190082715616443e-37,1.86561768906259e-36,True,35.729177349089895
ENSG00000149557.14,-0.5485814478987954,1.602973057840379e-57,3.401500629386605e-56,True,55.46832944434501
ENSG00000149596.7,-0.9910115754501807,3.882860909323339e-54,7.135348164929289e-53,True,52.146584830899926
ENSG00000149968.12,0.6578313720581315,4.606448233748795e-21,1.819985761686369e-20,True,19.739932009622194
ENSG00000150048.10,-0.5977423559146198,2.04121416507775e-70,7.363458229413084e-69,True,68.13291817245371
ENSG00000150337.13,0.6209584553113261,6.21432536648137e-26,3.136268708375665e-25,True,24.503586735029238
ENSG00000150510.17,-0.5775393155339996,1.5956118663926167e-79,8.1469487110520255e-78,True,77.08900501777272
ENSG00000151012.13,0.5022454899059372,3.8789135822952866e-27,2.0783562151956085e-26,True,25.68228001547199
ENSG00000151090.20,-0.5250127122474666,5.674278639418945e-117,1.0579660645226739e-114,True,113.97552826257201
ENSG00000151136.15,-0.5357801572785179,1.6444456112006754e-26,8.524814268123714e-26,True,25.06931507429531
ENSG00000151364.17,-0.8566509887978178,5.716530179737226e-36,4.5848285066486e-35,True,34.338676904270756
ENSG00000151365.2,-0.9935407742025082,5.202108207359059e-83,3.050310374307994e-81,True,80.51565596819705
ENSG00000151468.11,-0.6076152403899018,7.901438866949397e-48,1.0747252176898221e-46,True,45.96870256058141
ENSG00000151623.15,-0.8417811473310679,5.84995664452977e-134,1.9414836111865403e-131,True,130.71186627115003
ENSG00000151632.17,-1.3163813998061338,2.0059322761291006e-67,6.352374082077537e-66,True,65.19706393485703
ENSG00000151651.16,0.662440589242308,7.174255553034185e-37,5.982391791309008e-36,True,35.22312514810314
ENSG00000151725.12,0.6589642749794065,1.6149662486129296e-42,1.7356703322203987e-41,True,40.7605327598586
ENSG00000151789.12,-0.6529399271725791,5.960984162600963e-72,2.3111348409859905e-70,True,69.6361747152791
ENSG00000151790.9,0.9337676024745803,1.714133403263324e-77,8.189555830009197e-76,True,75.08673965206218
ENSG00000151882.11,-0.7757395225662154,2.387489703755799e-29,1.421724563642822e-28,True,27.847184533055316
ENSG00000151914.20,-0.6432920211395401,3.841858087291865e-69,1.2853184092847019e-67,True,66.890989272126
ENSG00000152104.12,-0.5079631634380157,2.365656606494582e-75,1.0330448875834498e-73,True,72.98588080722553
ENSG00000152154.11,-0.7955032736903869,6.540791280789108e-45,7.905163183788381e-44,True,43.10208916063533
ENSG00000152253.9,0.9234099379427545,5.836747218733761e-48,7.997934215331794e-47,True,46.09702217235002
ENSG00000152270.9,-0.9539353856989772,3.134713319359623e-31,2.037502264843462e-30,True,29.69090189983536
ENSG00000152465.18,-0.5208134434767258,2.1114650081755856e-74,8.938176108588181e-73,True,72.04875109270155
ENSG00000152527.14,-0.7435655477527192,2.829984355044037e-71,1.0529318472556223e-69,True,68.97759973832893
ENSG00000152580.8,-1.2413902177897342,1.701931470613753e-79,8.663144424344974e-78,True,77.06232444536398
ENSG00000152766.6,0.6193886364573871,7.79695507148658e-23,3.345815165664554e-22,True,21.475498054631597
ENSG00000152784.16,-0.5399877215148182,1.5467023992650213e-52,2.6351108432652734e-51,True,50.57920111191026
ENSG00000153002.12,-0.5234784330461235,5.426680310637085e-10,1.172072537741921e-09,True,8.931045509677828
ENSG00000153064.12,-0.5886217972431554,5.650079284356885e-25,2.709751897243299e-24,True,23.567070470967206
ENSG00000153132.13,0.5116464825993667,2.4952736626437638e-18,8.509365219463753e-18,True,17.070102836151193
ENSG00000153162.9,-0.7641303378784163,4.8045625496057676e-71,1.7756550322529646e-69,True,68.75064140350169
ENSG00000153246.13,-0.5044258256566059,7.138665156665567e-38,6.21832071442039e-37,True,36.20632688266093
ENSG00000153291.16,-0.8603536100297839,4.3654209494225844e-95,4.0469159349004676e-93,True,92.39287581695463
ENSG00000153446.16,-0.8665741553486888,7.628124314297935e-98,8.55277668050405e-96,True,95.06789286758165
ENSG00000153823.19,-0.8029490051693302,3.6602344377400057e-78,1.7969801852028892e-76,True,75.74545671170821
ENSG00000153902.14,-0.835801488179599,4.423329162932082e-78,2.1588448273439693e-76,True,75.6657785726033
ENSG00000153956.16,-0.6097107779589306,6.2079019122972895e-58,1.341327139748193e-56,True,55.87246528802422
ENSG00000153976.3,0.5040499342547093,3.0481668041780998e-49,4.4253088318925093e-48,True,47.35405641551835
ENSG00000153993.13,-0.9562225360867582,9.878096608039239e-69,3.284912527330724e-67,True,66.48347619061056
ENSG00000154027.19,-0.9044371358581411,6.642579175452001e-26,3.3483280327293594e-25,True,24.475172001149048
ENSG00000154065.17,-0.9808004304895073,2.239013959662693e-174,1.9554840866654067e-171,True,170.70874571389825
ENSG00000154133.15,-0.5085629172131996,5.5769001303047895e-62,1.3958232392500403e-60,True,59.8551695753223
ENSG00000154134.15,-0.7395437980269337,1.9377672398124138e-75,8.506695655409311e-74,True,73.07023910469842
ENSG00000154175.18,-0.7506651145031353,4.106395369571648e-65,1.1871345777468976e-63,True,62.925500045106155
ENSG00000154188.10,-0.9547369204964267,5.657565904845492e-55,1.0741607394165457e-53,True,52.96893072513716
ENSG00000154229.12,-0.5630725691715528,8.849772248072404e-66,2.6412431777790194e-64,True,63.578191611702714
ENSG00000154240.17,-0.6455778605879645,9.249097835490194e-104,1.3117908502745666e-101,True,100.88213540262221
ENSG00000154258.17,-1.2755404712977014,6.520381781226807e-93,5.492345953181606e-91,True,90.26024211513051
ENSG00000154262.13,-0.9964874391749861,3.762784570481429e-77,1.768828531517531e-75,True,74.75231426512592
ENSG00000154265.16,-0.55420106449211,1.0334835716316256e-80,5.532137544404902e-79,True,78.25710703065357
ENSG00000154330.13,-1.0013938280543515,2.716760365840708e-156,1.610068625384311e-153,True,152.7931556127939
ENSG00000154553.16,-0.5929773591764105,5.003290949679607e-38,4.395161991476093e-37,True,36.35702511360325
ENSG00000154655.16,-0.6552836729297462,4.649983146113085e-55,8.858992000757811e-54,True,53.05261569046204
ENSG00000154721.15,-0.6348194149216142,2.1577151473412616e-155,1.1935041718326965e-152,True,151.92317605860046
ENSG00000154734.16,-0.5955453211793889,2.9887914019355544e-88,2.075146632791573e-86,True,85.68295121000622
ENSG00000154736.6,-0.9922430393508437,1.715744422378399e-142,6.94416169388955e-140,True,139.15838017522407
ENSG00000154839.10,1.0489595530847582,3.371201286502839e-59,7.590463249420367e-58,True,57.11973171810615
ENSG00000154856.13,-0.6484452638900873,2.294533443727567e-109,3.6611046120399276e-107,True,106.43638786145374
ENSG00000154920.15,0.7742466383944916,4.3225061093786213e-57,9.067972993556112e-56,True,55.04248978196932
ENSG00000154928.18,-0.9582297661597667,8.005182570402136e-40,7.573432130744187e-39,True,38.12070726215817
ENSG00000155367.15,0.5695709499358508,5.712922653109253e-25,2.7351482546363224e-24,True,23.563019128407163
ENSG00000155970.12,-0.8723482270212342,4.1764050090127066e-81,2.2797126552485807e-79,True,78.6421198898874
ENSG00000156234.7,0.7049169885592845,1.4004582428293054e-11,3.294938902808662e-11,True,10.482152634004438
ENSG00000156284.6,-0.70837644154702,9.904108438322465e-14,2.640989481367877e-13,True,12.57823332851401
ENSG00000156298.13,-0.7883676753926763,9.165221563008194e-143,3.899684272219435e-140,True,139.40897055307184
ENSG00000156463.18,-0.6880279233966968,1.6103846667463626e-61,3.982522080475282e-60,True,59.399841807641835
ENSG00000156970.13,0.9620622714340841,1.2421291776144937e-44,1.4871494641655777e-43,True,42.82764538104071
ENSG00000157064.11,-0.9623954159320925,1.615650373687606e-64,4.5673087395182507e-63,True,62.34033963009715
ENSG00000157150.5,-1.2658799417961861,1.0083748916213799e-73,4.183243237891295e-72,True,71.37848688229894
ENSG00000157152.17,-1.1750822889762518,3.3859714818096532e-102,4.5311944168668857e-100,True,99.34378730344406
ENSG00000157368.11,-0.5287066869758739,1.2996571176728803e-31,8.595659709311987e-31,True,30.065720785978797
ENSG00000157404.16,-0.8121457469826461,2.68201966455721e-44,3.1430391464450806e-43,True,42.502650209825816
ENSG00000157456.8,0.8498742058507607,9.664933361560806e-45,1.1588143367177747e-43,True,42.93598614039363
ENSG00000157554.19,-0.5251115933742476,3.8600710531512814e-92,3.0647856007651847e-90,True,89.51359990145923
ENSG00000157765.13,-0.7676568512651158,3.209972460890621e-15,9.223598790652635e-15,True,14.035099596302604
ENSG00000158106.14,0.6247604007772443,1.9295623914635676e-25,9.481539331935577e-25,True,24.02312114904432
ENSG00000158125.10,-0.5299801034257627,5.844389055337504e-12,1.403499160409125e-11,True,10.852787842829894
ENSG00000158186.13,-0.5478259110922243,7.48637024608548e-93,6.274183225431437e-91,True,90.20244280271957
ENSG00000158373.8,0.5562129527666144,4.981936848502813e-31,3.209249226089118e-30,True,29.493596554854527
ENSG00000158402.20,1.1660355339141977,1.2505335012804524e-60,2.9560331795224826e-59,True,58.52929069558078
ENSG00000158406.5,0.6618872639512423,1.316767845523568e-37,1.1368598141840837e-36,True,35.94429308472282
ENSG00000158560.14,-0.510247258125871,4.847556469759634e-56,9.668311545575886e-55,True,54.014649363607326
ENSG00000158571.11,-0.9987125158133823,3.8673915572852137e-41,3.901245927148379e-40,True,39.408796671724346
ENSG00000158887.19,-0.6888840965703757,6.869052210066829e-39,6.232096903982994e-38,True,37.20536580236086
ENSG00000158966.16,-0.712950048927838,1.076555548000285e-127,2.8356131370661474e-125,True,124.54735302027947
ENSG00000159387.8,-1.021388807921113,3.307064101904194e-53,5.813286197775233e-52,True,51.2355782954756
ENSG00000159433.12,-0.8013122665671706,7.67536108155794e-70,2.6813671955236307e-68,True,67.57164370818424
ENSG00000159899.15,-0.5300383389082246,3.2269422102521766e-81,1.7908989644456393e-79,True,78.74692891466546
ENSG00000160111.14,-0.6615217291926723,1.0550395655070609e-45,1.3153513561250313e-44,True,43.88095822311011
ENSG00000160161.9,0.9756075632588412,6.281478166550293e-64,1.7087680114055011e-62,True,61.76731689468437
ENSG00000160188.10,0.5145651354803193,1.6561209229653877e-15,4.844292366593979e-15,True,14.314769653851284
ENSG00000160191.18,-0.5330150182383382,3.5610594750512806e-63,9.439651905591206e-62,True,61.02504402034899
ENSG00000160298.18,0.534536363494043,5.406801429562038e-37,4.535918246822672e-36,True,35.34333478155645
ENSG00000160307.10,-1.18678577994291,1.0862607529896026e-129,3.0551543957812653e-127,True,126.51496683729
ENSG00000160339.16,-0.6149523556217825,6.84415622172443e-21,2.676058632028633e-20,True,19.572504375475386
ENSG00000160345.13,0.5064985118690084,1.5024356802630977e-36,1.231789410982502e-35,True,34.909463533621015
ENSG00000160539.6,-0.5234063559361184,1.1326055592621397e-41,1.1761236952688326e-40,True,39.92954700024316
ENSG00000160606.11,0.617416890839295,2.2403704236264706e-41,2.2877973421327787e-40,True,39.64058244888755
ENSG00000160801.14,-0.806786682696742,1.42411932690711e-52,2.4287601347067402e-51,True,50.61461537416858
ENSG00000160949.17,0.6337308178598218,3.2032591581641954e-35,2.485034243598722e-34,True,33.604667622341715
ENSG00000160957.14,0.7940084978799,3.8244899599158374e-42,4.0629696795674394e-41,True,40.39115641863979
ENSG00000161055.4,-0.8927032127797596,2.8127031270902093e-22,1.1750754202148775e-21,True,20.929934258045883
ENSG00000161281.11,-0.5010199857584143,6.134030448509597e-67,1.899031739973288e-65,True,64.7214677765057
ENSG00000161328.11,0.5095266503158975,2.0408384161231963e-17,6.618267085626016e-17,True,16.179255710510553
ENSG00000161649.13,-1.8623211671257596,5.416953213165139e-198,8.988892161926233e-195,True,194.04629382969162
ENSG00000161798.7,-0.729594075496131,7.174961418838771e-16,2.1356288750531043e-15,True,14.670474215838361
ENSG00000161888.11,1.0077093777041206,1.7969726929857885e-60,4.223649414646767e-59,True,58.3743121377288
ENSG00000162004.18,0.9659940790654815,1.6006672470224898e-54,2.997908837143476e-53,True,52.52318157766769
ENSG00000162062.15,0.928416907878381,2.1344660824247567e-50,3.297889215247338e-49,True,48.481763937537735
ENSG00000162063.13,0.5296459056453211,2.5215856857994e-44,2.9613016893245042e-43,True,42.52851734562165
ENSG00000162073.14,0.7159549504570213,2.1459481565905253e-51,3.4539150058645178e-50,True,49.4616883537802
ENSG00000162367.11,-0.7254350793790276,1.0738349548872953e-65,3.1934081077777374e-64,True,63.495745576408844
ENSG00000162444.12,-0.5298505912505522,6.636944318800807e-83,3.8508200708454754e-81,True,80.41444677326626
ENSG00000162595.7,-0.5766057098091688,1.9121246095125556e-24,8.90535946400543e-24,True,23.05034854559061
ENSG00000162733.19,-0.5897895379210736,8.759488513361613e-57,1.8146685691725668e-55,True,54.74120268287203
ENSG00000162772.17,-0.5158967082244317,1.5504335798332746e-36,1.269259734768296e-35,True,34.896449497027206
ENSG00000162814.11,0.5344766578644047,3.65793886309049e-35,2.8311491368527792e-34,True,33.54803725263905
ENSG00000162849.16,0.8914297731050338,3.4141600217191117e-41,3.4566547529229375e-40,True,39.46134399517211
ENSG00000162878.13,-0.5653967732495133,4.695056786655424e-36,3.769219754124824e-35,True,34.42374854145154
ENSG00000162891.10,0.6259117912657732,1.549821289125956e-19,5.617679002131087e-19,True,18.25044308029749
ENSG00000162896.6,-1.0343299894349107,5.0720749353339875e-21,1.998717916811498e-20,True,19.69924849443448
ENSG00000162975.5,0.5183093612027443,6.091866632031083e-18,2.0307037945344273e-17,True,16.692353419667924
ENSG00000163017.14,-0.8439897725177237,6.741610086135798e-45,8.13010739602743e-44,True,43.0899037174817
ENSG00000163145.13,-0.8792505815332939,2.661468386499828e-41,2.7078115515375932e-40,True,39.56738156338983
ENSG00000163431.13,-0.717178042436172,4.437297735766896e-130,1.2917985724090504e-127,True,126.88880519973962
ENSG00000163467.12,0.5745153431930482,7.173266720201745e-53,1.2373512261437395e-51,True,50.90750700697943
ENSG00000163507.14,0.5273764987992404,4.605395426441763e-39,4.205940104918801e-38,True,37.376136916216616
ENSG00000163531.15,-0.5444852428573972,1.231888035917999e-26,6.438409470243552e-26,True,25.191221406492854
ENSG00000163545.11,0.6955375682428331,3.653225103725011e-53,6.401437948385727e-52,True,51.19372245993731
ENSG00000163631.17,-1.078750145491035,1.3967094658327062e-23,6.255599696633719e-23,True,22.203731050086535
ENSG00000163661.4,-0.957525752625783,9.903520151645368e-53,1.6977170805413558e-51,True,50.7701346819349
ENSG00000163687.14,-1.1123005334843932,8.218763125201068e-80,4.235470661477842e-78,True,77.37309832221047
ENSG00000163689.20,0.553658531345566,2.4872776928532806e-72,9.850569459476692e-71,True,70.00653866229835
ENSG00000163710.9,-1.3976002587954754,5.6268572015741004e-61,1.3532183826510237e-59,True,58.86863211121684
ENSG00000163739.5,-0.7093315301345051,1.0711269135313772e-36,8.873829257683312e-36,True,35.05188893184657
ENSG00000163808.17,0.809165331796563,9.118438824910408e-52,1.5011048994103502e-50,True,49.82358895756138
ENSG00000163815.6,-0.9243094559954486,1.7333731293524514e-77,8.241717394978389e-76,True,75.08398228133116
ENSG00000163884.4,-1.1391508461385886,1.0710282716942934e-86,7.080734318922353e-85,True,84.14992170076803
ENSG00000163888.4,0.804387415967015,2.2422136417061367e-52,3.788930058092834e-51,True,50.42148341152751
ENSG00000163993.7,1.1212030015934578,8.319962132187038e-39,7.523784829510175e-38,True,37.123563633203084
ENSG00000164035.10,-0.5737853641287312,8.378481101884025e-114,1.4482553687985782e-111,True,110.83915485286151
ENSG00000164045.12,0.6370557900568088,3.4007868186021604e-38,3.0145649822587738e-37,True,36.52077535000323
ENSG00000164047.6,0.9134584209473998,4.405386333722345e-53,7.695050612819851e-52,True,51.113788519328786
ENSG00000164087.8,0.5964640139076394,1.9590118609571602e-48,2.743277875166508e-47,True,46.5617301991256
ENSG00000164109.14,0.6092293179116792,4.807585071446016e-44,5.54777932375349e-43,True,42.25588082236123
ENSG00000164120.14,-0.5295185418111075,2.8705289116205876e-21,1.1472436599092492e-20,True,19.940344333697837
ENSG00000164197.12,-0.5758244727101274,1.5210701831793017e-83,9.313888789548831e-82,True,81.03086895197056
ENSG00000164236.12,-0.5408641344469471,2.9761933930289232e-37,2.5183933267781593e-36,True,35.598876440110125
ENSG00000164283.13,0.9412193529023698,1.5174934760399362e-44,1.8052334360362276e-43,True,42.743466631194686
ENSG00000164318.18,-0.5831387061546178,1.0838584525675935e-107,1.6500501983400593e-105,True,104.78250284334338
ENSG00000164330.17,-0.8109474104070664,7.025133389185562e-72,2.7110479874452375e-70,True,69.56686279503545
ENSG00000164434.12,-1.0851503719327056,7.511867965200519e-27,3.9736033476103734e-26,True,25.400815487136022
ENSG00000164530.15,-1.3889195268527599,2.295907058911537e-87,1.536221037724921e-85,True,84.81354629175387
ENSG00000164611.13,0.8592336455923384,3.330586528158712e-50,5.089111680319122e-49,True,48.29335801844992
ENSG00000164638.10,-0.627497544415724,2.5216286644904123e-23,1.1155400175567557e-22,True,21.95251484573662
ENSG00000164694.17,0.5048823447462698,4.565913012129019e-17,1.4523051662501232e-16,True,15.83794211773142
ENSG00000164736.6,-0.6620693769662098,4.301692387785346e-56,8.641922939819615e-55,True,54.06338961061913
ENSG00000164776.10,-0.6052464529579034,8.97304231104037e-50,1.3462808689819518e-48,True,47.87086432560681
ENSG00000164825.4,-0.8464510830026328,1.6308427382885412e-48,2.2914652327823923e-47,True,46.63988672769491
ENSG00000164850.15,-0.5083721358280615,1.456513550874256e-41,1.5049430799008347e-40,True,39.82247992568639
ENSG00000164879.7,-1.319657051159033,6.369715909806286e-68,2.0564020585082785e-66,True,65.68689197006549
ENSG00000164929.17,-0.6220628068145331,1.5385675241323966e-51,2.503038185828724e-50,True,49.601532524835164
ENSG00000164932.13,0.5184682352163166,1.1637991291073204e-36,9.612783846892422e-36,True,35.01715082312611
ENSG00000164946.20,-1.139843276562325,2.3940464511480875e-84,1.527954108090437e-82,True,81.81588968954462
ENSG00000165028.12,-0.8995967432895626,1.0789167424338134e-81,6.068998109812441e-80,True,79.2168829977704
ENSG00000165071.15,-0.6815370847666902,1.0929554813616233e-37,9.48066035426805e-37,True,36.02316141179414
ENSG00000165072.10,-1.1063409556519226,2.0840296039115717e-185,2.1613992029567888e-182,True,181.6652650130197
ENSG00000165092.13,-0.6214304306403693,6.173608224510933e-96,6.026167933972613e-94,True,93.21995876981146
ENSG00000165124.18,-0.9392875588162442,2.552462196436055e-72,1.0084656592299975e-70,True,69.99633888600931
ENSG00000165152.9,-0.8408920264674515,8.595682692222605e-94,7.587061627379888e-92,True,91.11992638828043
ENSG00000165194.15,-0.642781390970298,2.8328768529814592e-55,5.440828529904436e-54,True,53.26433496085935
ENSG00000165197.5,-1.798953703992312,1.157997415095321e-193,1.4781391620070583e-190,True,189.83028467659975
ENSG00000165269.13,-1.6604062733937366,2.3810039198062724e-80,1.2623124295611912e-78,True,77.89883314141404
ENSG00000165304.8,1.1164552385330266,2.9006535894203146e-51,4.650574460177845e-50,True,49.33249339776039
ENSG00000165474.8,1.107819382799967,9.915954048593931e-53,1.69809433934332e-51,True,50.770038185753954
ENSG00000165480.16,1.000164614217472,2.5869030313187535e-48,3.601264169605989e-47,True,46.44354501992442
ENSG00000165490.13,0.5237276942777185,3.793574218970769e-32,2.576773253769994e-31,True,30.588923796027697
ENSG00000165548.11,0.5299254156977204,5.08702554440273e-13,1.3042970006770535e-12,True,11.884623504410527
ENSG00000165626.17,-0.5753312759454241,1.7649091954924365e-89,1.2678313069264715e-87,True,86.89693852827193
ENSG00000165731.20,0.5245568936479856,6.906001359879732e-24,3.13795691582268e-23,True,22.50335302357538
ENSG00000165795.23,-0.5497165727475521,6.591278191301924e-97,6.793519894811436e-95,True,94.16790514842884
ENSG00000165810.17,-1.2349691019266786,2.2986531418329137e-121,5.085846698076716e-119,True,118.29363673483722
ENSG00000165891.16,0.8539328123027623,1.748174223564209e-55,3.404836040589728e-54,True,53.467903796638595
ENSG00000166148.4,-0.5486156938257667,6.287424249551562e-43,6.882158179225502e-42,True,41.16227534979482
ENSG00000166173.11,-0.5564287222692299,8.964253396915834e-93,7.475016124041273e-91,True,90.12638786620425
ENSG00000166250.12,-0.5500834110033184,1.297142302398992e-64,3.6857498914398757e-63,True,62.433474138583264
ENSG00000166265.13,-0.5154486076086706,9.984371247708113e-144,4.4778555806613086e-141,True,140.3489299173522
ENSG00000166292.12,-1.2464557619883978,5.198809602948141e-86,3.3964191555638366e-84,True,83.46897871839414
ENSG00000166405.15,-0.8935234660927037,1.482295756266903e-45,1.8342442788585376e-44,True,43.736542826847185
ENSG00000166426.8,-0.6353426064156609,2.4152925668527918e-14,6.636755233375596e-14,True,13.178044199045395
ENSG00000166482.12,-0.5766545657909168,2.3579346225832877e-83,1.428013398800988e-81,True,80.84526771763124
ENSG00000166510.14,-0.571354931640416,1.6207644672768752e-41,1.6694578255737098e-40,True,39.77742454776982
ENSG00000166592.12,-0.6098702799826607,9.600236205574488e-36,7.607751652115714e-35,True,34.118743672973395
ENSG00000166670.10,0.8005235158094252,8.67194923166789e-30,5.271147456054834e-29,True,28.27809483458087
ENSG00000166803.14,1.0785897397697994,9.344869588039966e-61,2.2184372810291157e-59,True,58.65395284501279
ENSG00000166816.15,-0.5197384245854175,1.3820642793372967e-44,1.6475556502387285e-43,True,42.783159907123384
ENSG00000166819.12,-1.3593433357822315,3.98592000220094e-70,1.4132982161650087e-68,True,67.84976618919903
ENSG00000166851.15,1.0369424352634895,6.251073820240839e-60,1.442702628276446e-58,True,57.84082317701992
ENSG00000166920.13,0.5383128359659599,2.958415176262323e-13,7.701904837605427e-13,True,12.113401851690718
ENSG00000166961.15,0.9949618179321045,3.3138784803898013e-52,5.554595909453369e-51,True,50.25534753000447
ENSG00000167513.9,0.7763920045927521,2.6520483650803775e-30,1.6538177591185187e-29,True,28.78151234881598
ENSG00000167588.13,-1.4573713552889305,8.200217674217197e-77,3.7903735957091966e-75,True,74.42131798196895
ENSG00000167614.14,-0.8804366847560587,1.1079003847611276e-33,8.0316727762019e-33,True,32.09519399372305
ENSG00000167619.13,0.7977935092290269,1.2111015831435608e-68,3.987503902913541e-67,True,66.39929887885313
ENSG00000167641.11,-0.881429737647639,2.3477022312394233e-152,1.2174303382870933e-149,True,148.91455587985712
ENSG00000167646.14,0.6072529240513103,1.0179574693516446e-40,1.0066737929929197e-39,True,38.997111237345415
ENSG00000167676.4,-1.2909918544528858,3.359834954820391e-83,1.9911821871531988e-81,True,80.70088900152184
ENSG00000167702.13,0.564006922246759,4.860148340807198e-29,2.8518140582515785e-28,True,27.544878794426012
ENSG00000167749.11,0.7738389798599229,9.141184269589125e-39,8.243957161389237e-38,True,37.08386427363962
ENSG00000167754.13,-0.9529696349893042,5.541624217171676e-20,2.0636829501738511e-19,True,18.68535702388908
ENSG00000167755.15,-0.8699522298733582,2.8852006584473702e-21,1.1525522322165543e-20,True,19.938339383813013
ENSG00000167757.14,-0.8244345057265141,1.9903631382046533e-20,7.599651614212613e-20,True,19.119206316336708
ENSG00000167772.12,-0.6305443863971147,1.026584876763929e-59,2.352921194063624e-58,True,57.62839261832183
ENSG00000167779.9,-0.6973796561556385,1.588620132382269e-83,9.691750910570358e-82,True,81.01359775627152
ENSG00000167874.7,-0.6420677233793888,4.681146134707611e-99,5.470347814037894e-97,True,96.2619850596053
ENSG00000167880.8,0.5776026004477617,3.442809923531178e-16,1.0421376846237938e-15,True,14.982074899345367
ENSG00000167900.12,0.7010634311015429,2.3105370520887883e-39,2.1336144597863857e-38,True,37.670884054037266
ENSG00000167964.13,0.8958329177344546,7.256352745607871e-39,6.57629259752141e-38,True,37.1820188720705
ENSG00000167968.13,0.606890498613987,1.4280218781834428e-38,1.2795137714133936e-37,True,36.892955035437865
ENSG00000168004.10,-0.9406881754443148,3.6841862585047066e-72,1.452146954242924e-70,True,69.83798943171624
ENSG00000168078.10,1.114506628060723,3.6632113385850115e-46,4.6723542622966705e-45,True,44.330464236030984
ENSG00000168079.17,-1.8063952846970415,2.3465891509697313e-168,1.8542523986281773e-165,True,164.73183115052012
ENSG00000168269.10,-0.5193502994304438,3.095424405643041e-09,6.408667821240252e-09,True,8.193232238501919
ENSG00000168298.7,0.5969217447370886,4.888084618320751e-25,2.349735693986516e-24,True,23.628980985855385
ENSG00000168309.18,-1.1453028881227565,1.8442778223596957e-148,9.001160642422586e-146,True,145.0457014874384
ENSG00000168329.14,-0.5085318164777011,1.6582605590512365e-28,9.514929362688873e-28,True,27.021594431497643
ENSG00000168350.8,0.5297895887550168,4.824853468856243e-13,1.2389913101547587e-12,True,11.906931739600589
ENSG00000168477.19,-1.2939819100314653,4.559560178715487e-93,3.900069154928082e-91,True,90.40892769211776
ENSG00000168490.14,-0.9514706249467134,3.404488044830164e-80,1.7765432269154635e-78,True,77.75042422077671
ENSG00000168497.5,-1.1971580452752761,8.762196426825893e-244,4.846662916891628e-240,True,239.31455718420227
ENSG00000168539.4,-0.5544168852482921,1.2279356463079896e-12,3.071504991684471e-12,True,11.51264877454619
ENSG00000168824.14,-1.0612950393411091,1.6603071781899296e-44,1.9679383796345494e-43,True,42.70598850438215
ENSG00000168917.9,-0.6523431341124357,8.80905595303239e-52,1.4516134506913552e-50,True,49.83814901626786
ENSG00000169035.12,-1.0258584941342763,1.1979578349250378e-24,5.6458143461363464e-24,True,23.24827340705594
ENSG00000169218.14,-0.682643756779926,8.981289443401878e-17,2.811460423010956e-16,True,15.551068025684343
ENSG00000169245.6,0.6885261015759845,3.1863650554976393e-37,2.6921864425116e-36,True,35.56989486712631
ENSG00000169248.13,0.9287311652019701,1.0341487624687672e-42,1.119417127489023e-41,True,40.95100805251499
ENSG00000169252.6,-0.942642677593831,8.789390070851007e-136,3.1032157199085446e-133,True,132.50818803340405
ENSG00000169258.7,0.9032891419262827,1.0615270095694307e-62,2.7480466765671035e-61,True,60.56097589490093
ENSG00000169282.18,-0.6624474677164889,3.218702837473764e-70,1.1535886584241823e-68,True,67.9379490223958
ENSG00000169291.10,-0.7410615615733505,5.217184252471184e-80,2.697007959050057e-78,True,77.56911777191328
ENSG00000169313.10,-0.984036816006665,5.16710357526076e-67,1.6056725979003196e-65,True,64.79434300415116
ENSG00000169418.10,-0.9061595287933439,9.369809321249854e-76,4.202232861535678e-74,True,73.37651988537178
ENSG00000169436.17,0.5884303366118866,4.751850853687054e-34,3.513913238238992e-33,True,32.45420896583993
ENSG00000169515.8,-0.5110743596666514,1.0445444840171187e-26,5.47997823831175e-26,True,25.261221166150648
ENSG00000169550.14,-0.9505188351645562,2.609223435792308e-23,1.152754358187901e-22,True,21.938263227179796
ENSG00000169607.13,1.1310058112669648,3.5950727832683896e-61,8.773034965522891e-60,True,59.05685013972802
ENSG00000169679.15,1.0601458281336587,9.79714607594197e-52,1.6096419998433768e-50,True,49.793270704577544
ENSG00000169744.13,-0.6142710447081836,4.042865761188484e-98,4.563762887153858e-96,True,95.34067692767971
ENSG00000169783.13,0.5403294971894437,5.9475723154278726e-36,4.7678268117009715e-35,True,34.3216795284542
ENSG00000169900.8,0.7687449726030213,4.3228380776329184e-24,1.9821269704404713e-23,True,22.702868529065945
ENSG00000170011.14,-0.6124936568956125,8.406699630732482e-65,2.4010460184573978e-63,True,62.619599516173466
ENSG00000170145.5,-0.5093805867325196,4.239819559600808e-63,1.1203115568792328e-61,True,60.950661183921504
ENSG00000170153.11,-0.9745696175346865,2.5325010997838166e-114,4.470672686150282e-112,True,111.3496271252119
ENSG00000170166.6,-0.6020678342496031,2.2998713283324916e-55,4.4480262030710213e-54,True,53.351832663014214
ENSG00000170271.11,-0.7310834457993862,4.144588418990007e-174,3.438765011236009e-171,True,170.46359750077303
ENSG00000170312.16,0.8517227437759787,6.296744443610627e-56,1.2453894791093534e-54,True,53.90469480746322
ENSG00000170323.9,-1.1557584094138318,4.985013172875798e-130,1.426229458460362e-127,True,126.84581059753714
ENSG00000170369.4,1.2739959343612728,7.340581037968717e-63,1.9182614447882343e-61,True,60.717092202018904
ENSG00000170370.12,-0.5009852499200952,1.5514650000534496e-26,8.060428995268296e-26,True,25.09364184339097
ENSG00000170373.8,1.7565398311127483,3.254175439974774e-80,1.7034633202189717e-78,True,77.76866721343042
ENSG00000170381.14,-0.5451810420250225,1.814690961790101e-30,1.1419409108814917e-29,True,28.942356367843264
ENSG00000170549.4,-0.9086892948647802,2.7812614276339667e-39,2.559747760962731e-38,True,37.59180282821127
ENSG00000170558.10,0.5137701893196962,4.3882845615464163e-23,1.9112649347585626e-22,True,21.718679107958753
ENSG00000170577.8,0.5253805344682441,1.7724915870505683e-28,1.015983606062768e-27,True,26.993113299782333
ENSG00000170684.9,0.5694516482140026,5.614533923041031e-19,1.975563526695141e-18,True,17.70430900048035
ENSG00000170891.11,-0.5838740324097378,1.9151860735729516e-36,1.5624679304262322e-35,True,34.80618888776427
ENSG00000170919.16,-0.5830585478714694,4.7308078056134134e-35,3.6496059844885627e-34,True,33.43775401992686
ENSG00000170962.13,-0.5307654337760783,8.418251550500807e-100,1.0122642480363071e-97,True,96.99470610164278
ENSG00000170965.10,0.9803253224144898,2.763461567047953e-129,7.517521515343234e-127,True,126.1239253202635
ENSG00000170989.10,-0.5328863780923809,1.717467415236351e-77,8.189555830009197e-76,True,75.08673965206218
ENSG00000171033.13,-0.5548153606081019,1.3280093074086684e-47,1.7843713722380117e-46,True,45.7485147530267
ENSG00000171056.8,-0.6209895982442595,3.8110064912717494e-64,1.0504957095708208e-62,True,61.9786057169977
ENSG00000171115.4,-0.5224471457508568,1.0015903355582867e-74,4.283605677385105e-73,True,72.36819051450165
ENSG00000171227.7,-0.597166110801838,2.965262053453353e-36,2.404963759286654e-35,True,34.61889146368117
ENSG00000171241.9,0.8715662021822985,6.718301338443255e-49,9.610645897424773e-48,True,47.0172474239588
ENSG00000171243.8,-1.067212283903614,4.0892812713727454e-30,2.5197747277073648e-29,True,28.598638284173525
ENSG00000171320.15,0.893457602742082,1.8076474243391855e-53,3.2012915004785958e-52,True,51.494674778437755
ENSG00000171346.16,-0.5095231901029256,4.1603500636668536e-08,8.007057406226835e-08,True,7.096527057827516
ENSG00000171368.12,-0.6256291554917719,1.3090055202669883e-82,7.568514844359025e-81,True,80.12098933294095
ENSG00000171408.14,-0.6306571693485112,8.486137621455904e-71,3.122371789144995e-69,True,68.50551538559114
ENSG00000171451.14,-0.5434852526114697,4.254084681026802e-61,1.0335619501750915e-59,True,58.985663487287425
ENSG00000171462.15,-0.5210408152325892,1.403985283577059e-17,4.5906860681138363e-17,True,16.3381224052404
ENSG00000171848.16,1.1216454232589865,6.28938340928086e-47,8.230759329148785e-46,True,45.08456009707847
ENSG00000171951.5,0.5590643991838498,1.0062792300792327e-17,3.318401737665896e-17,True,16.479071037874675
ENSG00000171954.13,-0.5448374108026608,2.2687932629033503e-11,5.283238198795705e-11,True,10.277099808375997
ENSG00000172061.9,0.9437417023074577,6.558261341121591e-39,5.963166503812147e-38,True,37.224523064094264
ENSG00000172137.19,-0.740054719433588,5.838884520851029e-37,4.886053945486736e-36,True,35.311041742418276
ENSG00000172156.4,1.1399220320932693,8.30531639136404e-85,5.36258444351342e-83,True,82.27062585600756
ENSG00000172159.16,-0.614977521877178,2.791432882365989e-95,2.6469164142846413e-93,True,92.57725977286114
ENSG00000172201.12,-0.7641115372342888,1.6599529050872905e-87,1.1197259555698576e-85,True,84.9508882546037
ENSG00000172403.11,-0.7816165488001805,2.057227389183868e-119,4.163125767819159e-117,True,116.38058046890067
ENSG00000172458.4,-0.5189143950539452,1.6283322655941057e-29,9.807820550006746e-29,True,28.008427488875295
ENSG00000172478.18,0.6041068670223091,9.690665504624723e-17,3.026099047492334e-16,True,15.519116861152428
ENSG00000172551.11,-0.9383680153014984,1.6570490031933038e-15,4.8452988826413535e-15,True,14.314679428297769
ENSG00000172927.8,-1.042803850592382,1.1863937665645425e-41,1.2304386351482512e-40,True,39.90994004070238
ENSG00000172935.9,-0.7575205993722942,1.4825782005924852e-83,9.111815800233963e-82,True,81.04039506831334
ENSG00000173040.13,-0.5225552683728161,1.6259647288382918e-65,4.809493531255368e-64,True,63.31790065505278
ENSG00000173114.13,-0.9333373229749593,7.525709996151481e-57,1.562974113593713e-55,True,54.806048214825665
ENSG00000173175.15,-0.7994001846624217,2.490125566917858e-97,2.7364995799625786e-95,True,94.56280461418325
ENSG00000173210.20,-0.530652477068863,2.5842673343591956e-80,1.3613756236938568e-78,True,77.86602202998382
ENSG00000173267.14,-0.5784098207588877,1.3757826942575111e-59,3.1445920149461625e-58,True,57.502435692715146
ENSG00000173320.12,-0.7081880742997044,1.782066164679428e-67,5.665058608561384e-66,True,65.24679559273031
ENSG00000173376.14,-0.7732213432690145,3.510512114328714e-62,8.853106082852687e-61,True,60.0529043317906
ENSG00000173391.9,0.7354760851500188,1.927607522811738e-24,8.974949279892811e-24,True,23.046967997069967
ENSG00000173432.12,-0.819892514252794,1.9685899352437403e-93,1.7103026903368914e-91,True,90.76692702112264
ENSG00000173530.6,-0.7360071657090679,2.0148921466864054e-99,2.3882228772938725e-97,True,96.62192514577461
ENSG00000173641.18,-1.2180774761290405,1.7035814032280102e-48,2.3896221306141677e-47,True,46.621670768325295
ENSG00000173825.7,0.5867938701967561,1.921445669780052e-45,2.368831310871485e-44,True,43.625465865138835
ENSG00000173894.11,0.5357621544704296,3.5187256097777563e-47,4.645165693607962e-46,True,45.33299879005867
ENSG00000174099.12,-0.5115959998251416,1.1522637321738294e-142,4.780166092923132e-140,True,139.32055701301408
ENSG00000174175.17,-0.7891234261828439,2.5594543417447743e-95,2.4408957095926885e-93,True,92.6124507759765
ENSG00000174371.17,1.1194193922642348,1.8669944005919476e-51,3.022527325211978e-50,True,49.51962976420246
ENSG00000174469.23,0.95597287253016,1.5697665355086653e-41,1.6189375941722057e-40,True,39.79076989184515
ENSG00000174514.13,-0.6754447519102091,4.662710297077462e-67,1.4543799749944249e-65,True,64.83732211377647
ENSG00000174607.11,-0.7254192194493607,2.2448595669046357e-20,8.5516987266335e-20,True,19.067947607573053
ENSG00000174697.5,-1.9122652493551153,8.669165893094625e-62,2.1535350124253322e-60,True,59.66684806303326
ENSG00000174804.4,-0.5204149000544014,1.1368778248017328e-49,1.69500005613297e-48,True,47.77083028307846
ENSG00000174871.11,0.9562495993255549,4.464302019940277e-62,1.1224337533164993e-60,True,59.94983928187751
ENSG00000174944.9,-0.5450425411444095,4.8559794692038804e-32,3.2716249822155582e-31,True,30.485236484184277
ENSG00000174945.13,0.5902649777656346,1.8491730824666057e-35,1.4515221442975806e-34,True,33.838176334222325
ENSG00000175063.17,1.101525561437363,6.5927808427113775e-46,8.294208135250387e-45,True,44.08122507062903
ENSG00000175084.12,-1.1101500551827606,2.0020442529039087e-39,1.8559733146752773e-38,True,37.731428272391184
ENSG00000175164.15,-0.6570204370133841,3.090673315143532e-52,5.2014840762162035e-51,True,50.283872726719956
ENSG00000175305.17,0.6665955373320878,1.0780468004959673e-51,1.764211894223874e-50,True,49.75344925425774
ENSG00000175445.17,-0.9436422085653384,5.3812592757297375e-73,2.1832913550479036e-71,True,70.66088830485596
ENSG00000175556.17,-0.6611404672757485,1.7361070892045002e-49,2.5539859076471168e-48,True,47.59278150341089
ENSG00000175643.10,0.8050434272552061,4.413547786101976e-43,4.853440156565685e-42,True,41.313950320904084
ENSG00000175785.13,-0.824743056914184,8.405003021570865e-90,6.11722018157662e-88,True,87.21344588734219
ENSG00000175920.18,0.53268299239864,1.2195350996332763e-15,3.58557148180627e-15,True,14.445441614998947
ENSG00000175946.8,0.5162871486784949,9.901146382824457e-24,4.4719549013769474e-23,True,22.349502584858193
ENSG00000175984.15,-0.5561294585856598,8.115875488685205e-63,2.1175288971578977e-61,True,60.67417065429568
ENSG00000175985.10,0.5345825905661244,8.102636224839527e-26,4.058410670539907e-25,True,24.391644008824276
ENSG00000176058.13,0.5267225738038335,4.4685767013782405e-34,3.305910021518971e-33,True,32.480708970997355
ENSG00000176153.12,-0.6547938998335561,4.822249148021948e-18,1.6188630864308355e-17,True,16.790789879672772
ENSG00000176194.18,-1.6046366839926725,1.5078417431814972e-59,3.44169544516558e-58,True,57.46322756292652
ENSG00000176438.12,-0.8738275064079153,4.907237437353834e-56,9.775594001854685e-55,True,54.00985684376433
ENSG00000176597.12,-0.5581407287270415,7.915698981234841e-46,9.913442180725355e-45,True,44.00377552205065
ENSG00000176928.7,-0.5862569729918385,8.912497083585762e-42,9.307361649151802e-41,True,40.03117341070522
ENSG00000177098.9,-0.9185393131406425,7.190048601222452e-222,2.982791662217134e-218,True,217.5253770795609
ENSG00000177363.5,-1.1366980332140806,7.23111297458437e-101,8.888376940759485e-99,True,98.05117753599556
ENSG00000177602.5,0.6350821913404596,2.281396170590526e-40,2.2190790184513005e-39,True,38.65382723284399
ENSG00000177707.11,-0.6687437059668175,1.0302261020054884e-70,3.76554447944473e-69,True,68.4241722180498
ENSG00000178175.12,-0.6609881695194584,1.4996352898857258e-43,1.694005990494468e-42,True,41.77108505821187
ENSG00000178385.15,-0.5434734981932556,2.2078991143180266e-72,8.765042560524721e-71,True,70.05724597075601
ENSG00000178531.6,0.7432891962169053,2.288804266085928e-31,1.4947035809299447e-30,True,29.825444925018708
ENSG00000178750.3,-0.655623299599158,1.5157253542079293e-19,5.498895174404543e-19,True,18.2597245592073
ENSG00000178773.15,0.7004507921253886,5.996219485837059e-22,2.464732874609367e-21,True,20.608230142256726
ENSG00000178947.9,-0.9034458814020789,8.024948452102893e-50,1.2073072947796501e-48,True,47.91818217527017
ENSG00000178999.13,1.0363310286556895,4.440438358619245e-45,5.406062664925e-44,True,43.26711892443947
ENSG00000179094.16,-0.5410696414860485,2.5833778672274618e-64,7.216931368480219e-63,True,62.141647424732994
ENSG00000179388.9,-0.6731261807109865,1.1292358350356865e-39,1.057479652741658e-38,True,37.975727980252714
ENSG00000179528.16,0.5312180485034497,2.2574910695250375e-44,2.6567948090566292e-43,True,42.57564198594937
ENSG00000179639.10,-0.6384393643607411,2.9278721904190307e-58,6.409645267521555e-57,True,56.19316600521144
ENSG00000179750.16,0.6542876726808493,5.062062993466183e-25,2.4319592736994162e-24,True,23.614043702160696
ENSG00000179913.11,-0.5140068432104168,6.953153976270984e-12,1.664223814831108e-11,True,10.778788267582733
ENSG00000179934.7,0.7863061796435169,2.6758536350322116e-68,8.70649318033814e-67,True,66.06015673581943
ENSG00000180044.5,0.6734830777015393,3.6686876018668894e-47,4.839284742875928e-46,True,45.31521882330953
ENSG00000180139.11,-0.955040514028751,1.1765892439362489e-35,9.301725542581283e-35,True,34.031436478961346
ENSG00000180155.20,-0.5355054520759297,2.114632599439352e-73,8.72890879480015e-72,True,71.05904004426891
ENSG00000180354.16,-0.5406796059588843,3.0149733583425876e-73,1.2292498257576633e-71,True,70.91035984459769
ENSG00000180596.7,0.6364642513731256,2.0217345619684407e-39,1.872135229983499e-38,True,37.72766278406241
ENSG00000180660.8,-1.0785083671765865,1.7891177224337958e-101,2.2837399604666467e-99,True,98.64135334883416
ENSG00000180769.10,-0.5328818979256178,3.4073956231145353e-75,1.4763008608345325e-73,True,72.83082512700804
ENSG00000180914.10,-1.0214041777016598,3.3709850126507856e-24,1.5559979221120205e-23,True,22.807990987305125
ENSG00000181085.15,0.6454159875036369,2.035615557326284e-20,7.770647471422213e-20,True,19.10954279309733
ENSG00000181092.10,-1.5845323601118833,8.02939030096559e-68,2.582164780120601e-66,True,65.58801604680481
ENSG00000181374.8,-0.7398531536845032,8.812783652943723e-26,4.40612630120362e-25,True,24.355943057995596
ENSG00000181617.6,-0.703122729271972,3.452917958055194e-12,8.414997884559832e-12,True,11.074945988865116
ENSG00000181856.15,-1.3390682958340943,1.2445060787547054e-67,3.9867439905126606e-66,True,65.39938165174102
ENSG00000182010.11,0.6700419056357854,1.241960353383096e-37,1.0739494582615474e-36,True,35.969016156732
ENSG00000182118.8,-0.6773065045222111,5.342625133302326e-45,6.490155304686588e-44,True,43.18774491072484
ENSG00000182175.14,-0.7552448613198623,9.699110227540602e-122,2.2047539056960104e-119,True,118.65663987937657
ENSG00000182253.15,-0.9679206932527635,1.68400202012519e-126,4.299127618762677e-124,True,123.36661966274487
ENSG00000182263.14,-0.7700790122553987,3.186049963405841e-65,9.275318086448514e-64,True,63.0326711878239
ENSG00000182272.12,0.6597450810582925,1.2592514199566118e-16,3.905067849515981e-16,True,15.408371415969933
ENSG00000182463.16,-0.9130857071513228,1.2593483639218794e-103,1.770985317874548e-101,True,100.75178503925741
ENSG00000182782.8,-1.0399215991910291,1.6509945397978153e-55,3.2193423494012865e-54,True,53.4922328373715
ENSG00000182916.8,-0.7600730967747205,3.106190801298048e-88,2.147672089864159e-86,True,85.66803202671255
ENSG00000182983.15,-0.5523887023393457,2.3263643764242016e-49,3.3982121885900707e-48,True,47.4687495067334
ENSG00000183010.17,0.6250104174721378,2.5937049744350155e-27,1.4028663737214683e-26,True,25.852983694559104
ENSG00000183145.9,0.8709765731906063,7.454767601133379e-49,1.062865700236403e-47,True,46.9735216078483
ENSG00000183150.8,0.5839849119310486,3.8576774003486577e-53,6.752563162593421e-52,True,51.17053134478768
ENSG00000183248.12,0.6749195389597455,6.429484279121101e-19,2.2556207637999063e-18,True,17.64673391622847
ENSG00000183549.10,-1.0822839482481572,1.249256345838987e-50,1.9519924484794868e-49,True,48.70952186678717
ENSG00000183682.8,0.8557630027304004,7.021247969651898e-61,1.6788269280749798e-59,True,58.77499407340111
ENSG00000183734.4,0.5312392064702172,1.932589907863809e-21,7.780057479643874e-21,True,20.109017194398493
ENSG00000183780.13,-0.7596371545707232,7.174404623889892e-21,2.800566227448339e-20,True,19.552754152730902
ENSG00000183807.8,-0.8104430667462086,8.799706549368087e-110,1.431591475296216e-107,True,106.84418089636951
ENSG00000183813.7,0.5308737243692137,2.0738273899155008e-22,8.73428723559843e-22,True,21.058772529980033
ENSG00000183844.17,-0.5542786836395699,6.252050255696355e-14,1.6850174101514587e-13,True,12.77339560749671
ENSG00000183856.11,1.2107524466544803,6.92534583152055e-54,1.2594289253457914e-52,True,51.89982633646368
ENSG00000183971.10,0.6433165713438378,5.191572355595705e-41,5.20537472318762e-40,True,39.283548001147715
ENSG00000184005.11,-0.6781633181420579,9.782630774946834e-54,1.7606613349183056e-52,True,51.754324173005365
ENSG00000184113.9,-0.7987211266536474,6.498283659581459e-97,6.739532440443421e-95,True,94.17137023188884
ENSG00000184254.17,-0.6336646532726202,3.5041158620974397e-40,3.374770668348515e-39,True,38.47175573419732
ENSG00000184260.6,0.6307018826783621,9.444360785978009e-39,8.512749749186262e-38,True,37.06993013345186
ENSG00000184304.16,-0.5582900603133276,2.9763932193788457e-99,3.5028559632888343e-97,True,96.45557772041424
ENSG00000184347.15,-0.6960417586364591,8.691000234330618e-70,3.0108237555006737e-68,True,67.52131466602619
ENSG00000184384.14,-0.5933323079005044,2.7147587696771947e-69,9.1562412650454e-68,True,67.03828277227781
ENSG00000184454.7,-0.7347490822827571,1.535580766918609e-19,5.5697108734967e-19,True,18.254167348686952
ENSG00000184500.16,-0.5772154837818264,1.415901478013508e-121,3.175063395426507e-119,True,118.49824759887309
ENSG00000184661.14,0.8949036904838896,2.7648679476743493e-44,3.2378418294783454e-43,True,42.489744370611234
ENSG00000184811.4,-1.6928827142334133,1.1687716641598533e-65,3.469516457078463e-64,True,63.45973104816464
ENSG00000185010.15,-0.5209643525387144,6.235999569470631e-67,1.9270051556014087e-65,True,64.71511712341085
ENSG00000185070.11,-0.7442857144333577,2.5739267592305353e-82,1.4830465500927604e-80,True,79.82884521705581
ENSG00000185352.8,0.5533116237675099,2.008226315502176e-21,8.074753447890262e-21,True,20.092870729412397
ENSG00000185479.6,-0.600555318405154,3.045877890093278e-11,7.052225158114672e-11,True,10.15167383032539
ENSG00000185483.12,-0.5002151026067454,3.0427635832770114e-45,3.726318738073707e-44,True,43.428719999609896
ENSG00000185686.18,0.7263440869232203,4.236530616011828e-27,2.267042536023872e-26,True,25.644540331224544
ENSG00000185818.8,-0.9370833382027248,6.4518999333212074e-52,1.0716999749102313e-50,True,49.96992677945483
ENSG00000185842.15,0.5310385754623325,1.0847050522084307e-30,6.872697837474877e-30,True,29.16287274970392
ENSG00000185920.16,-0.637528895067869,1.729403661041039e-74,7.358390859311539e-73,True,72.13321714725593
ENSG00000185950.9,-0.5010096668749808,1.0473159094686163e-87,7.09353477621315e-86,True,85.14913729778524
ENSG00000186081.12,-0.7709123767069603,2.5536591905496005e-20,9.712450288329147e-20,True,19.012671191054306
ENSG00000186185.14,1.190403143759776,3.2281117912760815e-57,6.8065167807414605e-56,True,55.16707508043796
ENSG00000186188.11,-0.6005179560333229,2.905350626254135e-29,1.7236820983933184e-28,True,27.763542828792268
ENSG00000186193.9,0.7594232476037772,1.701927401298393e-26,8.814539106474885e-26,True,25.05480039110688
ENSG00000186205.13,-0.6690650578282216,3.611810351123505e-36,2.9165148888828926e-35,True,34.5351358021439
ENSG00000186417.14,-0.8404899578775787,6.662233099515922e-45,8.046076859779273e-44,True,43.09441582316687
ENSG00000186462.9,-0.787751366532695,6.820039748500253e-74,2.8435110448897785e-72,True,71.54614508050294
ENSG00000186469.8,-0.503124332465277,5.6068082254003344e-40,5.3563256011682875e-39,True,38.2711330308959
ENSG00000186564.6,0.5120743149235782,2.2595975621327126e-45,2.779522753597497e-44,True,43.55602976640996
ENSG00000186638.16,0.5246442199329502,3.5495506044855546e-30,2.1969877930187725e-29,True,28.658172356115138
ENSG00000186642.16,-0.9819765557231308,6.531205549960118e-109,1.0321792847241733e-106,True,105.98624486123222
ENSG00000186847.6,-0.7934092855695334,2.586801391368785e-19,9.259141994903714e-19,True,18.03342925566613
ENSG00000186871.7,0.9378987721690414,1.929838641280575e-54,3.6022207439156203e-53,True,52.44342967715585
ENSG00000186891.14,0.7152174918394991,4.017918258603121e-34,2.9764881956812583e-33,True,32.52629583545748
ENSG00000186951.16,-0.5097623010978674,2.0422884399564206e-74,8.66745124619868e-73,True,72.0621085925405
ENSG00000186994.11,-0.6670883112992652,1.3574044562996115e-55,2.653094175245672e-54,True,53.57624733386101
ENSG00000187134.14,-1.2989668751399426,1.2292742991327486e-71,4.689328211450306e-70,True,69.32888936942933
ENSG00000187193.9,-0.6036612265984833,1.0477631715716998e-88,7.336110577662779e-87,True,86.13453413114027
ENSG00000187260.16,-0.8385486444641974,1.4817820943155527e-45,1.8342442788585376e-44,True,43.736542826847185
ENSG00000187288.12,-1.6412957381967055,9.18258633665856e-73,3.689487594927655e-71,True,70.4330339455341
ENSG00000187608.10,0.5043286940752507,1.2718792683591346e-41,1.3158082655331345e-40,True,39.8808073898159
ENSG00000187634.12,0.5443857816760418,1.179066421190379e-28,6.800635451245446e-28,True,27.16745050492971
ENSG00000187699.10,-1.0063709115532622,9.935909867430875e-88,6.757233128694587e-86,True,85.1702310973901
ENSG00000187730.9,0.958533800420089,1.9058345880910025e-94,1.7281649811356336e-92,True,91.7624147994864
ENSG00000187741.15,0.5891163545836976,1.1227357279522286e-34,8.522724917492809e-34,True,33.06942152877468
ENSG00000187800.13,-0.6930729619437521,1.5867197583753612e-97,1.7553351780320496e-95,True,94.7556399435451
ENSG00000187824.9,-0.8304226182836083,1.638069198579255e-183,1.5989482518367152e-180,True,179.79616559147917
ENSG00000187951.11,0.5474883168821404,1.8369304923837215e-36,1.5008382368594522e-35,True,34.823666114302476
ENSG00000187955.12,-0.5371031802019055,4.244889109528209e-70,1.5019123642539682e-68,True,67.82335540743257
ENSG00000188064.10,0.5382103614627483,2.0220026852585863e-13,5.310717404112215e-13,True,12.274846807806995
ENSG00000188175.10,-0.6224556358037783,4.999492387773423e-14,1.3531491874524903e-13,True,12.868654318911934
ENSG00000188257.12,-0.7023013788932728,3.1598525944511906e-17,1.0147976379392888e-16,True,15.993620552320554
ENSG00000188322.8,0.7359383508894937,1.0890177001806151e-24,5.1455466164000935e-24,True,23.288568482927474
ENSG00000188368.10,0.66368567587001,3.5412432031404986e-37,2.9844281215293772e-36,True,35.52513887641348
ENSG00000188536.13,-1.135306840608968,4.120147165095641e-48,5.69747683813309e-47,True,46.24431743167482
ENSG00000188783.6,-0.5685588925253353,5.678332042877852e-69,1.8920932112352424e-67,True,66.72305747251775
ENSG00000188833.10,0.5688674943209137,7.124699953290396e-23,3.0636763675797055e-22,True,21.5137571134512
ENSG00000188916.9,0.5709446410736131,1.2433461330956104e-24,5.8530739666917894e-24,True,23.232615987568185
ENSG00000189057.11,0.9120036299694205,7.70944353133866e-34,5.6381888919803316e-33,True,32.248860378380954
ENSG00000189058.9,-0.5297465462509159,1.376776737173044e-103,1.919851527449537e-101,True,100.71673235634991
ENSG00000189129.14,-0.8022969380964402,1.6359985589064105e-70,5.914544681153153e-69,True,68.2280786830012
ENSG00000189184.12,-0.5245304811045934,1.4630349986900021e-56,3.0083770468726016e-55,True,54.52166773353444
ENSG00000189221.10,-0.9778689970045047,1.7026742104643747e-103,2.354514654037153e-101,True,100.62809860224922
ENSG00000189320.9,-0.5009063151570958,1.4366284497217736e-45,1.781719917390367e-44,True,43.74916056510946
ENSG00000189334.9,0.5204487585560544,1.104968677865924e-12,2.7726977529876217e-12,True,11.557097469536394
ENSG00000196091.15,-1.0582036884181685,9.379228653803845e-23,4.01234648830165e-22,True,21.396601570302675
ENSG00000196139.14,-0.6838395643473731,6.699027784227814e-70,2.350183235760599e-68,True,67.62889827595065
ENSG00000196159.14,-0.722118641575793,7.473402593749294e-60,1.722411703342719e-58,True,57.76386303225569
ENSG00000196196.3,-0.8155177610802351,5.479245808881939e-60,1.2680976980834993e-58,True,57.8968472858044
ENSG00000196263.8,-0.5070027279088509,2.0777312315930908e-62,5.296140100930223e-61,True,60.2760405348493
ENSG00000196549.12,-1.0784617318885332,1.437513375093942e-212,4.7708193892617753e-209,True,208.32140702438252
ENSG00000196569.13,-0.6000676895535071,9.68059577102001e-64,2.620551488161599e-62,True,61.58160730293151
ENSG00000196584.3,0.608629147691361,6.023108240122808e-32,4.039913425084797e-31,True,30.39362794167425
ENSG00000196611.5,1.454890231074259,1.2970063908515687e-69,4.437633824699161e-68,True,67.3528485368209
ENSG00000196616.14,-1.644073940538513,8.363228470596538e-121,1.8023300420919347e-118,True,117.74416567821004
ENSG00000196653.12,-0.5291306080462532,1.0682053231077578e-75,4.726879768440036e-74,True,73.32542544414666
ENSG00000196684.12,0.6578256623166607,1.7852487653328813e-27,9.764145686201e-27,True,26.01036574930389
ENSG00000196747.4,1.2397176974839113,5.192306888363537e-56,1.0318699461737069e-54,True,53.98637503644752
ENSG00000196748.10,0.9735232752988582,3.934781071858231e-39,3.6014206898188357e-38,True,37.443526144778254
ENSG00000196787.3,0.6655533311587271,1.2016251206468724e-30,7.593209159182864e-30,True,29.1195746370735
ENSG00000196878.15,-0.5232323028659209,1.1283911411302366e-39,1.0572852962120355e-38,True,37.97580780753434
ENSG00000196890.4,0.7498005496341452,2.1457591999070156e-62,5.4611546262664134e-61,True,60.262715526745254
ENSG00000196972.9,-0.6793080305471046,4.126804072270958e-60,9.591062573566426e-59,True,58.01813327559545
ENSG00000197083.11,-0.8665689130322862,2.323934057859602e-64,6.525103512034219e-63,True,62.185412594434325
ENSG00000197191.6,0.6185672551340913,2.1199151141998567e-40,2.064429073065283e-39,True,38.685200033450705
ENSG00000197238.5,0.6437868293162828,2.207372776391152e-38,1.970368146930327e-37,True,36.70545262193845
ENSG00000197245.6,-0.7826469213528024,2.013709372810275e-71,7.560066364799481e-70,True,69.12147439209936
ENSG00000197275.14,0.579846127649039,4.726961813073216e-57,9.878992988178457e-56,True,55.0052873228179
ENSG00000197291.9,-0.5001477038360713,4.572600804503968e-38,4.029619636215553e-37,True,36.39473594584121
ENSG00000197299.12,0.5882816425956916,6.60900147651716e-40,6.284800601795172e-39,True,38.201708496643704
ENSG00000197506.8,-0.766084018311701,3.749268907628353e-20,1.412060105610188e-19,True,18.85014681675499
ENSG00000197565.16,-0.8387166582784071,5.290904653576999e-35,4.070341762700822e-34,True,33.39036912408591
ENSG00000197635.11,-0.6046704226338573,1.804160503394218e-43,2.025591298601059e-42,True,41.693448177271776
ENSG00000197766.8,-0.6805874412485791,1.1560860956943221e-69,3.971861836842978e-68,True,67.40100586705992
ENSG00000197769.6,-1.2818853468006746,1.3658100819011184e-69,4.653850615824879e-68,True,67.33218756126506
ENSG00000197852.12,-0.5091573511099585,9.325384481238551e-88,6.368124694719034e-86,True,85.19598844123486
ENSG00000197859.11,0.5260623907133162,2.411145995511737e-40,2.3439107586128742e-39,True,38.63005892754293
ENSG00000197872.11,-0.5258795108126375,1.954265149106992e-133,6.236360746977198e-131,True,130.20506877066566
ENSG00000197928.10,-0.6366511391389624,1.0123339116375786e-68,3.359733785942796e-67,True,66.47369513328766
ENSG00000198046.12,-0.5035090131305955,4.383879598098788e-31,2.8305874727957702e-30,True,29.548123419699884
ENSG00000198075.10,-0.6023194396654841,6.496141715231292e-66,1.9493123982377587e-64,True,63.71011855495179
ENSG00000198185.11,-0.6061790091924208,1.1006865277321654e-32,7.66783889218621e-32,True,31.115327020594385
ENSG00000198300.14,-0.6622217597001765,5.1586815665012747e-26,2.609852497393968e-25,True,24.583384037251022
ENSG00000198478.8,-0.5767842552114275,3.0897746799018066e-130,9.155664471123317e-128,True,127.0383101313546
ENSG00000198483.13,-0.7175944775918914,3.4598128701322064e-97,3.728060699154145e-95,True,94.42851702520939
ENSG00000198576.4,-0.7666297009651086,4.3291553309982224e-33,3.0595401858000215e-32,True,31.51434383815075
ENSG00000198624.13,-0.6572716342140374,5.2998618734103984e-64,1.4488617450967403e-62,True,61.83897305428469
ENSG00000198650.11,-1.263546859762601,2.301553092533006e-25,1.1266068441738261e-24,True,23.948227614739316
ENSG00000198729.5,-0.5222608965828843,3.235112773821944e-14,8.833875492644618e-14,True,13.053848726114357
ENSG00000198732.11,-0.8324153511310661,5.149606579329466e-99,5.97570430611141e-97,True,96.22361090071765
ENSG00000198768.11,-0.8082357777780023,1.1909131308749916e-28,6.866578350847676e-28,True,27.16325962007665
ENSG00000198774.5,-0.8559507408043809,9.308972020962226e-85,5.987328748676247e-83,True,82.22276689521722
ENSG00000198826.11,0.6989458211360278,3.8152667487592724e-54,7.018906477706359e-53,True,52.1537305442364
ENSG00000198844.12,-0.5140516079946118,9.800724965665163e-63,2.5411442200038706e-61,True,60.59497068631741
ENSG00000198848.13,-1.0719346838578248,7.799908102028266e-72,2.99610358900595e-70,True,69.52344317516618
ENSG00000198885.10,-0.9607063282107662,1.155803565880706e-78,5.742336638390549e-77,True,76.24091135104015
ENSG00000198932.13,-0.7706352226090769,5.38555780235944e-97,5.65619912483244e-95,True,94.24747530973208
ENSG00000198947.16,-1.1415422554646983,1.4810446008191e-161,1.0240189210830061e-158,True,157.98969201870588
ENSG00000200033.1,0.557446155424001,1.326122498738189e-12,3.3096220099355553e-12,True,11.480221603920082
ENSG00000200253.1,-0.5399080435114747,8.525404287387542e-57,1.768381984311361e-55,True,54.752423918191646
ENSG00000200378.1,-0.5743351643870298,2.1193679630536452e-21,8.51338464752171e-21,True,20.069897744086507
ENSG00000203499.12,0.7008207546154497,2.9429881049540073e-19,1.0500095595271294e-18,True,17.978806746995794
ENSG00000203685.10,-0.6927553243101663,6.173611447659394e-51,9.756657939281902e-50,True,49.010698920764526
ENSG00000203711.14,0.8072956970392529,5.062636994666893e-60,1.1733156185684695e-58,True,57.93058514818702
ENSG00000203727.4,-1.0823943795595232,2.751273727341957e-40,2.6651860030071475e-39,True,38.57427247622062
ENSG00000203805.11,1.4662368878075465,3.5670116529837164e-95,3.3253365937984156e-93,True,92.47816438842682
ENSG00000203814.6,0.5976128607788758,5.096848270630162e-34,3.7589822312371955e-33,True,32.424929727197565
ENSG00000204049.1,0.5765006386385828,8.316205350681281e-19,2.899140999773218e-18,True,17.537730662211633
ENSG00000204052.4,0.5817168129388586,5.242664129324811e-28,2.942061838417853e-27,True,26.531348203191968
ENSG00000204060.7,0.5132162830823319,2.716727371578358e-23,1.197698565461511e-22,True,21.921652470618746
ENSG00000204136.11,-0.68163791645433,1.8858918377571562e-81,1.0536865035603452e-79,True,78.97728858269625
ENSG00000204140.10,0.7236789221099105,8.044269308782195e-23,3.449266276742422e-22,True,21.462273277637223
ENSG00000204161.14,-0.6015219385589894,8.393232019360734e-77,3.868813670257556e-75,True,74.41242218625901
ENSG00000204186.10,-0.6106547686503481,6.435839354188195e-53,1.1113040399937452e-51,True,50.95416710683122
ENSG00000204338.8,0.5188739675771386,1.006667704957579e-16,3.1399706571552757e-16,True,15.503074410364713
ENSG00000204789.4,-0.6694455760185758,2.02814714858392e-93,1.7528684262292482e-91,True,90.75625068168551
ENSG00000204851.7,-0.6053071580430998,7.404451939329615e-70,2.592183027030288e-68,True,67.58633433736047
ENSG00000204866.8,0.7164186498935756,1.586545550502762e-44,1.88320006187717e-43,True,42.725103540230826
ENSG00000205221.12,-1.2133722264008056,1.6917101465937465e-155,9.6800821284747e-153,True,152.01412095800234
ENSG00000205362.11,-0.6176846564686256,9.242103939544376e-35,7.038250241982532e-34,True,33.15253529607143
ENSG00000205364.4,-0.8039425560758886,7.404541341189308e-107,1.1170087183245034e-104,True,103.95194343717495
ENSG00000205403.13,-0.5761777877618479,2.018829090482306e-51,3.255631674194692e-50,True,49.48736473489865
ENSG00000205502.4,-0.6534231052772823,1.446481337003104e-20,5.561378893936401e-20,True,19.254817515651336
ENSG00000205847.6,0.5105317402020184,1.2539356798134315e-24,5.899577167798152e-24,True,23.229179113827776
ENSG00000206075.14,-0.6658061975416341,8.784267111378545e-14,2.34955074864951e-13,True,12.629015170083285
ENSG00000206538.9,-0.6199788080543112,3.623121337120706e-44,4.213179780531254e-43,True,42.37539000870443
ENSG00000207422.1,0.5156601452877769,2.5779466444174443e-10,5.67805237821384e-10,True,9.245800605564243
ENSG00000210049.1,-0.6806280204104174,1.7249669300983683e-33,1.2402123586677784e-32,True,31.906503945239933
ENSG00000211445.12,-0.6101576521413583,7.057185149802296e-54,1.2812574439367539e-52,True,51.892363598399186
ENSG00000211452.11,0.5554726502382829,1.544373376493019e-17,5.038799018781981e-17,True,16.297672963885685
ENSG00000211599.2,-0.5097908997037108,7.71046097775199e-09,1.5571058715445604e-08,True,7.807681857653826
ENSG00000211611.2,-0.5132583882760671,9.642316113825747e-10,2.056350001192963e-09,True,8.68690296426327
ENSG00000211664.3,-0.5164618782768946,2.1786648094713176e-10,4.817799020304777e-10,True,9.31715132102368
ENSG00000211892.4,0.7018739772973259,9.319735892841056e-19,3.2428537933697735e-18,True,17.48907263139613
ENSG00000211961.3,-0.582888031799734,4.843103457748496e-10,1.0490335305818894e-09,True,8.979210630096281
ENSG00000213085.10,0.747559859830865,3.2563359952026747e-46,4.15978749071541e-45,True,44.38092885542303
ENSG00000213088.12,-0.9034522848383659,1.6857146112419138e-141,6.505290292778678e-139,True,138.18673331866597
ENSG00000213186.8,0.6886790950991268,8.394106299097966e-39,7.586699342441811e-38,True,37.11994712649422
ENSG00000213203.3,-0.5386876836718673,3.8928485522617315e-75,1.6822377311518533e-73,True,72.77411263039788
ENSG00000213347.10,0.519853190399421,1.3494820191530659e-29,8.160825300956988e-29,True,28.088265919000147
ENSG00000213366.13,-0.6459179344622703,3.735506613416745e-65,1.0855866329778891e-63,True,62.96433551286092
ENSG00000214290.8,-0.6268739350643653,1.624852889018232e-58,3.5902541731516036e-57,True,56.444874804321486
ENSG00000214548.18,-0.762059317777553,5.917041918310479e-53,1.0259915735887574e-51,True,50.988856206045774
ENSG00000214652.6,-0.7066065499051715,1.746537641530822e-54,3.263743876527304e-53,True,52.48628392999639
ENSG00000214796.8,0.7106044237844484,4.999048732790632e-40,4.783980084886261e-39,True,38.320210636929765
ENSG00000215187.12,-0.6533323973004499,2.2012490542831932e-41,2.2520053518357156e-40,True,39.64743058172924
ENSG00000215548.2,-0.5091871802892507,4.2431531972999164e-20,1.593006428868661e-19,True,18.797782471520556
ENSG00000217275.2,0.9815058454413722,1.029825980967273e-39,9.671155816735102e-39,True,38.014521619522625
ENSG00000218281.1,0.7421579949358079,2.246970077820376e-27,1.2185039696520038e-26,True,25.914173051628907
ENSG00000218416.4,0.6627142596432732,2.6719665512345025e-28,1.5184456490131962e-27,True,26.818600748530763
ENSG00000220323.4,0.5202955634172048,3.301490948070537e-36,2.672436136208902e-35,True,34.57309266442544
ENSG00000221818.9,-0.7575769598142124,7.183936275543758e-51,1.132101030924721e-49,True,48.94611481412371
ENSG00000221866.9,-0.9817311654753433,6.000716543855673e-45,7.273622376095035e-44,True,43.138249249918
ENSG00000221955.11,0.506760894646479,8.582729042794152e-21,3.338532717677594e-20,True,19.47644436331631
ENSG00000222032.1,0.9202246233587232,8.681137160177281e-54,1.5675167577364722e-52,True,51.804787807592255
ENSG00000223573.7,0.5597065483272281,6.857451572173788e-19,2.4026056720388228e-18,True,17.61931750198445
ENSG00000223658.8,-0.6265460484718612,2.6564146492401373e-91,2.040765957846798e-89,True,88.69020679883309
ENSG00000223808.1,1.1287272630251786,5.771231620038195e-56,1.1455480562549498e-54,True,53.94098668724405
ENSG00000223813.3,0.5041471726531477,2.0666392752459524e-22,8.706222933087416e-22,True,21.060170216414768
ENSG00000224137.1,0.6342709086657113,2.1692336594229953e-20,8.267400860005784e-20,True,19.08263100430184
ENSG00000224307.2,-0.6210116258403471,3.923802783209099e-61,9.561172303167664e-60,True,59.01948885525701
ENSG00000224520.2,0.5382495915905707,6.171923882196223e-19,2.167094898458826e-18,True,17.6641220702332
ENSG00000225938.1,-0.7816578567318169,2.5010645179161252e-55,4.8146942703364475e-54,True,53.31743128505479
ENSG00000226278.1,0.618109195615836,7.588695927712813e-07,1.3449409401310096e-06,True,5.871296786247716
ENSG00000226363.3,0.5250113445682969,2.7570739939800042e-39,2.5388948865762593e-38,True,37.595355279088814
ENSG00000227440.1,0.6996618255288142,6.589794704714824e-47,8.617104281326854e-46,True,45.06463865133541
ENSG00000227591.5,-1.3965222674324833,1.5968430335637632e-54,2.994125796492326e-53,True,52.52372995697401
ENSG00000227857.2,0.6555252546688523,2.314084439022412e-29,1.3817890313471717e-28,True,27.859558259071655
ENSG00000228168.1,0.874152733454378,4.2913777683238654e-57,9.014066162983066e-56,True,55.0450792585445
ENSG00000228630.5,0.7032540221294126,1.6762767384161793e-21,6.7712113430569815e-21,True,20.16933363079111
ENSG00000229314.5,0.6539852863734545,1.646011728885508e-28,9.447913742347325e-28,True,27.02466408040233
ENSG00000229619.4,-0.6557859955671719,5.638665501463555e-61,1.3540957356191929e-59,True,58.868350629608535
ENSG00000229754.1,0.6272313928989846,3.169610441369476e-34,2.3596462837184877e-33,True,32.6271530938699
ENSG00000230107.1,0.6186232074044228,4.2215134116710523e-29,2.484106154371257e-28,True,27.604829849206972
ENSG00000230798.5,1.0934730120964284,5.407235678323826e-67,1.6771526887122535e-65,True,64.77542739723496
ENSG00000230838.1,1.7726049520363576,3.1903694416325915e-74,1.347098995278657e-72,True,71.87060048777852
ENSG00000230953.2,-0.51033262135483,1.305571397300504e-21,5.291805512165257e-21,True,20.27639612566095
ENSG00000231160.10,-0.5812751963842664,4.320955180277432e-40,4.1446202463308503e-39,True,38.38251525582021
ENSG00000231439.4,0.5247468058902071,1.392193633921094e-17,4.553027426347385e-17,True,16.341699733597927
ENSG00000231826.6,-0.8414828383697948,3.1161534594691634e-23,1.369786768382286e-22,True,21.863347033224905
ENSG00000231852.9,0.5211909770915916,2.511571243048464e-25,1.22651598608435e-24,True,23.911326786941512
ENSG00000232434.2,0.63491387136952,5.863244814250558e-48,8.027614228355921e-47,True,46.09541350595558
ENSG00000233429.9,-0.597426814840145,1.4995958327793296e-31,9.882562847156552e-31,True,30.00513041512448
ENSG00000233493.4,0.6023791381389025,1.5194461175111758e-20,5.833801220263871e-20,True,19.234048373022528
ENSG00000233608.4,-0.6740864716316652,7.455560293329957e-49,1.062865700236403e-47,True,46.9735216078483
ENSG00000233682.3,0.568871790635272,3.5354846382490526e-35,2.7389277351589533e-34,True,33.562419426174564
ENSG00000233966.1,0.6562124778271825,7.660477407359043e-43,8.352034303397895e-42,True,41.07820773060788
ENSG00000234076.1,-0.6819894945911815,2.5148765192240537e-48,3.503934589420986e-47,True,46.455444009729604
ENSG00000234456.8,-0.8158736628844332,3.227909902879786e-101,4.027363678826103e-99,True,98.39497915097965
ENSG00000234459.1,-0.5282307393070811,6.509958225996971e-17,2.0529503383161105e-16,True,15.687621556258312
ENSG00000234602.9,0.5351448568190635,5.658762620334916e-25,2.712245944836578e-24,True,23.566670931456013
ENSG00000234869.1,0.512418557388928,1.5278221125177737e-25,7.545440516404743e-25,True,24.122315400254326
ENSG00000234949.2,0.5710754386583179,5.1750148119058326e-20,1.9332326832229938e-19,True,18.713715871290546
ENSG00000235049.1,0.5557482086009964,1.7993013544336265e-29,1.0814055297164651e-28,True,27.96601141401025
ENSG00000235123.5,1.0847723424370324,4.885767212180626e-57,1.019804039231765e-55,True,54.99148327221499
ENSG00000235387.5,-0.8564043160117577,2.330049168450877e-65,6.819195044316377e-64,True,63.16626688757869
ENSG00000235505.7,-0.6822611862634562,1.3260092567982105e-76,6.061652233418596e-75,True,74.2174089834154
ENSG00000235529.1,0.7191926257526822,1.3290942981182954e-45,1.6508226633963318e-44,True,43.78229957752154
ENSG00000236591.1,0.6151600067733596,9.706793477231928e-24,4.3853670286192927e-23,True,22.357994052963043
ENSG00000237330.3,0.5348678266837905,2.1430506586407542e-14,5.905310964710176e-14,True,13.228757228160227
ENSG00000237438.7,-0.6147251237691813,3.9244082733790655e-39,3.5939089894289304e-38,True,37.4444329249703
ENSG00000237594.2,0.7328439638899432,1.6119808601038697e-39,1.5019208530355764e-38,True,37.82335295281492
ENSG00000237649.8,0.8809907167541324,9.855070676838034e-42,1.0265853283832413e-40,True,39.988604946823486
ENSG00000238018.2,-0.9104028908308992,8.114767801551637e-56,1.6011469310219723e-54,True,53.79556881273772
ENSG00000239975.2,-0.5423275058642081,1.9728723722822074e-11,4.6116134872025566e-11,True,10.336147099341206
ENSG00000240038.6,-0.5667250863811268,2.1905022332685404e-64,6.160880348959011e-63,True,62.21035722559897
ENSG00000240204.3,0.5930010426699721,4.494347773925054e-20,1.6850250104047072e-19,True,18.773393648620452
ENSG00000240216.7,-0.5725177192838735,9.904864592799216e-10,2.1090892217748004e-09,True,8.675905047711982
ENSG00000241244.1,-0.523705685184316,4.9041824808502996e-11,1.1231024577315742e-10,True,9.949580622369242
ENSG00000241399.7,-0.6261344324646301,4.387221615745185e-50,6.666809110959302e-49,True,48.17608197973927
ENSG00000241644.2,-0.9360734273621023,8.272849000071363e-97,8.47405285846816e-95,True,94.07190883133462
ENSG00000242078.1,0.6914709661714924,5.80948303860084e-31,3.7264229432756994e-30,True,29.42870785488621
ENSG00000242534.2,-0.5164676161867487,1.283095282352226e-10,2.872983823418275e-10,True,9.541666819333482
ENSG00000242953.1,-0.5159764522633381,8.540930450452323e-12,2.0334031548752633e-11,True,10.69177650695983
ENSG00000243479.3,0.5929544039021776,1.9727088786771264e-23,8.764426006095913e-23,True,22.05727652116151
ENSG00000243742.5,0.8467013891522744,8.417051175843767e-66,2.5211651121290877e-64,True,63.59839871126983
ENSG00000243836.5,-1.0220097732260978,2.4191455906212176e-73,9.936460873952596e-72,True,71.0027682732089
ENSG00000244734.4,-0.9913327363399249,4.820297384135096e-61,1.1643088033819183e-59,True,58.93393181881127
ENSG00000245105.4,-0.5230367305937196,1.10550611841162e-62,2.8574405808290377e-61,True,60.544022791794056
ENSG00000246465.1,0.6272939550337908,1.5073013176156083e-46,1.9495056948178803e-45,True,44.710075491830516
ENSG00000246898.1,-0.5375677065708073,1.0203715714009378e-20,3.955161377207934e-20,True,19.402835791862614
ENSG00000248124.8,-0.6051003700324109,6.356093701397251e-53,1.0986772800102707e-51,True,50.95912985634176
ENSG00000248144.6,-1.4799978714654778,3.1088699148458855e-161,2.063543494678105e-158,True,157.68538637277658
ENSG00000248399.1,0.5783193046184713,4.9570316661046476e-21,1.9547762230831874e-20,True,19.70890295215183
ENSG00000249669.10,-1.16981960204295,1.267510182043842e-64,3.6139285156074764e-63,True,62.44202044214151
ENSG00000249751.4,-0.5693443441171253,3.7980306058628534e-54,6.994952261230653e-53,True,52.15521524511137
ENSG00000250305.9,-0.8589869584110567,1.5884409671062345e-47,2.1239798072651778e-46,True,45.672849616420606
ENSG00000252061.1,-0.5400334088301608,7.402176544645231e-40,7.022968415199713e-39,True,38.153479284756905
ENSG00000253125.1,0.7480407568447289,2.1465480880197078e-29,1.2840598043474775e-28,True,27.8914147487802
ENSG00000253161.5,0.5631459105367482,5.24215670805295e-39,4.771714120319838e-38,True,37.32132558337695
ENSG00000253250.3,-0.8840627927311504,4.751674730784331e-91,3.6004242229513785e-89,True,88.44364632511258
ENSG00000253293.5,-0.595132744425797,2.1448035308835653e-47,2.8541194700466627e-46,True,45.54452785179037
ENSG00000253305.2,-0.5416866692858805,6.998103663087241e-68,2.254884120102324e-66,True,65.64687577187615
ENSG00000253451.1,-0.5203993981871624,8.976614497137684e-11,2.0271902689915997e-10,True,9.693105487175213
ENSG00000254109.6,-0.7096116583697916,3.3626698685414383e-50,5.133407893153323e-49,True,48.28959422595789
ENSG00000254122.3,-0.7145914956220485,3.6126779399458964e-90,2.6409153187428285e-88,True,87.57824552427294
ENSG00000254389.3,0.5690207483029357,1.2624221671764993e-28,7.26626203334264e-28,True,27.138688944818632
ENSG00000254703.2,-0.5332618057489633,3.6772019410263144e-39,3.3749717372450585e-38,True,37.47172985969515
ENSG00000254726.3,0.5396171838110373,3.886370325149151e-16,1.1742612741355611e-15,True,14.930235261443748
ENSG00000254973.2,0.6667271118121378,2.0197281879597036e-31,1.323149212435978e-30,True,29.878391177366883
ENSG00000255122.1,-0.6436442093170278,1.2258289799305063e-24,5.773887622187573e-24,True,23.238531673094503
ENSG00000255248.9,-0.6973166068850376,5.4320498925083635e-83,3.1739237998691474e-81,True,80.49840350407568
ENSG00000255310.2,-0.7097754617344314,8.340907221503057e-51,1.3119337861006797e-49,True,48.88208808344874
ENSG00000255362.1,-0.5937816058014548,3.7523961496409157e-36,3.0270909920827104e-35,True,34.51897452428113
ENSG00000255389.1,-0.6469661019229066,1.7212686986836616e-65,5.073309553455893e-64,True,63.29470863792777
ENSG00000255471.1,-0.9424840574139111,5.1030288966760024e-61,1.229022663446177e-59,True,58.91044010855467
ENSG00000255624.3,0.5090415418467757,6.123861594662574e-37,5.121943513197115e-36,True,35.29056521541114
ENSG00000255642.1,-0.6329701130766268,2.3993640051723998e-49,3.498685966768963e-48,True,47.45609503694547
ENSG00000255774.2,0.5436543605265063,5.152939376560604e-16,1.545974977664919e-15,True,14.810797539622088
ENSG00000255974.8,-0.7271052100456767,7.185724676526651e-31,4.594987101436734e-30,True,29.337715703381832
ENSG00000256139.2,-0.6366993449618048,2.2360189684943618e-48,3.120647499007186e-47,True,46.50575528544618
ENSG00000256663.1,0.8954947357360838,2.4832021327113744e-61,6.113687862049338e-60,True,59.21369673820562
ENSG00000256894.1,-0.5143214601047235,6.592601887379692e-27,3.501844933392401e-26,True,25.455703088995875
ENSG00000257167.2,0.5544284911066867,6.955713542811081e-43,7.59362569272415e-42,True,41.119550814042526
ENSG00000257512.1,0.5359965971502192,9.110289895011897e-41,9.03083336426687e-40,True,39.044272171192276
ENSG00000257829.1,-0.5611765543685354,2.3659422347958862e-14,6.506537196586499e-14,True,13.186650083095056
ENSG00000258227.7,0.9454166991241979,1.2453461436557913e-62,3.2138839670022086e-61,True,60.49296980691316
ENSG00000258376.2,-0.5351558563666529,4.835136422026662e-52,8.063744099207078e-51,True,50.09346326290075
ENSG00000258441.1,-0.5126402956866394,1.8080087199557888e-59,4.0986470900199946e-58,True,57.38735947457327
ENSG00000258789.1,-0.6089712455964225,3.0840218365720185e-51,4.939793277613521e-50,True,49.30629122522013
ENSG00000258837.1,-0.6213149952845125,9.306983578812142e-12,2.2122917276437283e-11,True,10.655157604604208
ENSG00000259153.2,0.5427249405956245,3.734379581963986e-19,1.3249581950632965e-18,True,17.87779782432321
ENSG00000259342.1,-0.546291027063263,6.889236987727815e-14,1.8531366278871026e-13,True,12.732092559877
ENSG00000259807.2,0.5413565762588779,3.514360800363785e-56,7.068764014695351e-55,True,54.15065651668731
ENSG00000259884.1,-0.5569473447889626,2.927452917696899e-15,8.433707242406657e-15,True,14.073981478637025
ENSG00000259969.1,-0.5551572793887882,1.1407173472818654e-69,3.9353562704356076e-68,True,67.40501594455516
ENSG00000260284.1,0.7486151020605045,2.1169099716501107e-25,1.0383684324434507e-24,True,23.983648523378847
ENSG00000260314.3,-0.634887769233621,6.382014368584652e-33,4.483621779521326e-32,True,31.348371029884994
ENSG00000260428.3,0.6139388128783736,1.1340274279225802e-36,9.380882920711513e-36,True,35.02775628427045
ENSG00000260442.5,0.5938105812474964,1.0842389475291852e-41,1.1273095924372995e-40,True,39.94795679750943
ENSG00000260549.2,-0.5813851326594281,1.1056011208515686e-85,7.166541015394894e-84,True,83.14469040924114
ENSG00000260807.7,-0.7529618758207584,8.587038724548082e-30,5.225277616250491e-29,True,28.281890630766615
ENSG00000261039.3,1.0668439276253596,1.5327484998332543e-53,2.726090954580174e-52,True,51.56445965825435
ENSG00000261220.2,0.5022774173436113,1.7481467048993297e-38,1.5638138232398638e-37,True,36.80581495226878
ENSG00000261327.5,0.9508993597704927,7.430561926064102e-119,1.4678898166798537e-116,True,115.83330654237896
ENSG00000261437.1,0.5743832527398725,4.7791641631769766e-20,1.787366466616154e-19,True,18.747786394269824
ENSG00000261468.1,-0.8814858600317517,4.940848269587734e-77,2.309533413677151e-75,True,74.63647575012207
ENSG00000261716.2,0.5463272604363605,8.761497783644924e-32,5.838887318144733e-31,True,30.23366990590647
ENSG00000261934.2,-0.536554255717233,2.4261259439964366e-51,3.901078867701247e-50,True,49.40881526951358
ENSG00000262179.3,-0.9790377470276681,1.2167732668237814e-35,9.614826471273251e-35,True,34.017058549516875
ENSG00000262370.6,-0.6396364794218397,6.3174836384171485e-53,1.0931420593940997e-51,True,50.96132339559654
ENSG00000262979.1,0.5562125654032354,1.0519980757816881e-26,5.517337569380952e-26,True,25.258270443623477
ENSG00000263155.6,-0.983772046519134,8.386778327291722e-61,1.9967030066438857e-59,True,58.69968652810266
ENSG00000263325.1,0.5713296898506567,3.0171963799897494e-21,1.2029638810559803e-20,True,19.91974741213943
ENSG00000263361.1,-0.5022221831591818,2.4464499957623413e-11,5.6865655175347096e-11,True,10.245149952782743
ENSG00000264176.1,-0.7267030315925389,1.3304495891438952e-51,2.1708437052363616e-50,True,49.66337144342575
ENSG00000264425.1,0.8690542060680306,2.1019908064893784e-26,1.0832433367355511e-25,True,24.96527397372482
ENSG00000265112.1,0.8737520639480849,1.8954117680691782e-32,1.3039992901882232e-31,True,30.884722645005496
ENSG00000265688.2,0.5375660101473421,6.42320470987993e-23,2.7663290671099807e-22,True,21.55809615989927
ENSG00000265939.1,-0.5328382831308223,6.974715293250687e-16,2.078262265688668e-15,True,14.682299647657448
ENSG00000265996.1,-0.6011559086044995,1.3346427329869542e-35,1.0526169919764979e-34,True,33.97772962361946
ENSG00000266088.6,0.5716148020424131,3.4756947199326174e-32,2.3676386774450676e-31,True,30.625684574062674
ENSG00000266402.3,0.500646406962328,5.855033107525525e-21,2.2958038607343706e-20,True,19.63906521812048
ENSG00000266601.1,-0.5177273063365828,3.3939035152218304e-63,9.025390213396001e-62,True,61.04453401226318
ENSG00000266970.1,0.5420910926433813,3.49593277916946e-32,2.377520841702378e-31,True,30.623875667283645
ENSG00000266995.1,1.0564938469579108,8.468118484345759e-48,1.1489775807786878e-46,True,45.939688445323114
ENSG00000267107.8,-0.5230666839259384,5.757462027876029e-57,1.1972346477515643e-55,True,54.921820723247166
ENSG00000267280.5,-0.533013252980739,2.368598753510038e-48,3.3029014887181156e-47,True,46.48110437924353
ENSG00000267364.2,-0.5265222972075947,3.938753608274713e-77,1.846318569935327e-75,True,74.73369336223298
ENSG00000267519.6,-0.6073929031412526,9.052802513374827e-37,7.518628874221315e-36,True,35.12386135178239
ENSG00000267751.5,0.6968736061590336,8.742553737679806e-43,9.488158059062047e-42,True,41.02281808919833
ENSG00000267795.6,0.717475572908242,1.7710923828293615e-19,6.405733871113868e-19,True,18.193431108242844
ENSG00000268104.3,-1.002867037104612,1.1543722975257632e-24,5.4450409053844555e-24,True,23.263998853297366
ENSG00000268615.1,0.5184043582633834,9.168759220894637e-17,2.8663600322442654e-16,True,15.542669260485535
ENSG00000268941.2,0.5014943871287887,4.0640510935262074e-19,1.4400782371551119e-18,True,17.84161391273687
ENSG00000269113.4,-0.8024103796837996,1.5577114912971334e-47,2.0845697166600507e-46,True,45.68098357568547
ENSG00000269918.1,-0.6107294803685617,4.352687859275915e-45,5.307017071037806e-44,True,43.27514951537691
ENSG00000269933.1,-0.5085947401275512,4.481608249285378e-29,2.6343537828069982e-28,True,27.57932590150658
ENSG00000270069.1,-0.6455319622981031,9.607115947004891e-46,1.1986502407864599e-44,True,43.92130752303613
ENSG00000270547.6,-0.6827836216576848,1.6868125221221899e-22,7.124196231126398e-22,True,21.147264126698733
ENSG00000270953.1,-0.5532110964726027,2.325895040261543e-35,1.8154234382925704e-34,True,33.74102206183133
ENSG00000271447.6,-0.6012303002364474,9.667182093428357e-42,1.007645852125315e-40,True,39.99669207849833
ENSG00000271967.1,-0.5952351051964451,4.230510188777223e-48,5.840356578416742e-47,True,46.233560636567184
ENSG00000272143.1,-0.7869953736857087,1.05871289676842e-123,2.4744058885880514e-121,True,120.60652905947018
ENSG00000272172.1,0.500533741573308,1.1884007051497746e-26,6.21699914919778e-26,True,25.20641919206545
ENSG00000272264.1,0.6327727408624031,1.009515374242718e-26,5.301233582336601e-26,True,25.275623059519106
ENSG00000272279.1,-0.5878224938494561,2.3004973523277564e-37,1.955658456174528e-36,True,35.70870698980941
ENSG00000272449.2,0.5460577941734346,7.499152130925008e-25,3.571783308282709e-24,True,23.44711489661207
ENSG00000272468.1,0.5956167124557958,1.5959496688874444e-32,1.105769887495543e-31,True,30.95633524101384
ENSG00000272482.1,-0.8555736007699128,4.8988644585326777e-67,1.5251736740129693e-65,True,64.81668069968055
ENSG00000272636.4,-0.6027495445150979,2.4852925519646058e-64,6.954628095666217e-63,True,62.15772608929788
ENSG00000272666.1,0.638507090664126,3.556847336007949e-37,2.996057091051569e-36,True,35.52344991524079
ENSG00000272777.1,-0.5515467352751633,8.685758663575978e-70,3.0108237555006737e-68,True,67.52131466602619
ENSG00000272783.1,-0.5990800244685073,8.13926964419228e-40,7.691517111373959e-39,True,38.11398798944249
ENSG00000272824.1,-0.5270630228325137,1.2878555709877667e-36,1.0595277811091226e-35,True,34.97488765148342
ENSG00000272950.1,-0.5459613687794826,3.3051090357982487e-38,2.9328865957238575e-37,True,36.53270472931523
ENSG00000273162.1,0.6402572959289179,1.8145193104373767e-49,2.6646135785307813e-48,True,47.574365763327776
ENSG00000273203.1,-0.5733490599075342,3.868270848500354e-26,1.9666080410543772e-25,True,24.70628218942976
ENSG00000273445.1,0.7169046934484813,1.7608316397278416e-44,2.0826258182212262e-43,True,42.68138875198186
ENSG00000273542.2,0.6665552904919392,5.78425285431737e-31,3.714546898782602e-30,True,29.430094154005577
ENSG00000273650.1,-0.6017703288604148,1.2341869293404417e-49,1.8351342209207247e-48,True,47.736332166140244
ENSG00000273802.2,0.7535616849362718,6.857291506911847e-22,2.8117097915911832e-21,True,20.55102950670153
ENSG00000273821.1,0.6664829888219589,8.06186258474097e-38,7.0188115283941055e-37,True,36.15373641926002
ENSG00000274290.3,0.8061161684821426,3.3971051176390555e-54,6.277456828741926e-53,True,52.20221626533007
ENSG00000274641.2,1.0524965100378654,1.3457387066433434e-77,6.472808144359317e-76,True,75.18890726538758
ENSG00000274818.1,-0.5195291759213609,2.95581144695535e-78,1.4554520816254325e-76,True,75.83700208842389
ENSG00000275223.1,0.711140679799208,1.1543125122005088e-56,2.3824206253053786e-55,True,54.62298155976251
ENSG00000275713.2,0.8224099237206378,1.0861394122407167e-38,9.768779082234392e-38,True,37.010159711714394
ENSG00000276043.5,1.1520247145854097,1.1989392587790972e-47,1.617495777250434e-46,True,45.79115684445786
ENSG00000276365.1,-1.354055294033088,9.133109318223807e-76,4.10717658608688e-74,True,73.38645662446204
ENSG00000276404.1,0.6339618260466574,5.762684315674564e-16,1.723301199032325e-15,True,14.763638809815115
ENSG00000276966.2,0.7995732992192208,6.207984332808496e-46,7.845795279407782e-45,True,44.10536302811873
ENSG00000277075.2,0.6604336507277562,9.883225663849007e-20,3.62756573027893e-19,True,18.440384709548034
ENSG00000277157.2,0.9055566585900677,3.350596635157046e-51,5.351280131260445e-50,True,49.271542313784444
ENSG00000277224.2,0.9253904910164681,1.5976851531081812e-48,2.25059316049891e-47,True,46.647703005274614
ENSG00000277494.2,-1.165296816093,3.524839043861742e-129,9.434061144168024e-127,True,126.02530131332577
ENSG00000277639.2,-1.1064593344060247,1.00245125427484e-49,1.4972705772670292e-48,True,47.824699709613185
ENSG00000277702.1,-0.5536069379703139,7.890616390005677e-26,3.9557972318958975e-25,True,24.402765977773953
ENSG00000278023.7,0.8301196999404394,2.0574940034513817e-64,5.796613835869649e-63,True,62.23682563089317
ENSG00000278281.1,-0.5162489455472665,3.4634531551626725e-12,8.438194341032063e-12,True,11.073750476552396
ENSG00000278828.1,1.1110260093899158,9.78848062637732e-55,1.8542242866906992e-53,True,52.731837734818946
ENSG00000278962.1,-0.5681953266399478,1.9179187009180128e-39,1.77997443641127e-38,True,37.749586234885065
ENSG00000278995.1,0.5175723413627891,5.109847428179804e-22,2.1092738363983998e-21,True,20.67586703433511
ENSG00000279026.1,-0.7028139552792588,7.668991804381522e-44,8.776500000131516e-43,True,42.056678642827094
ENSG00000279118.1,-0.7129605562467112,2.9953725102367975e-49,4.356284963616952e-48,True,47.360883718889056
ENSG00000279623.1,0.7198304459764855,4.187239985491614e-51,6.674645563808631e-50,True,49.17557179120219
ENSG00000279806.1,-0.7626225977179677,1.3829989316399126e-17,4.5247405898329476e-17,True,16.344406314499338
ENSG00000280079.1,0.5065702096048801,7.357138111745482e-36,5.86943989549541e-35,True,34.23140334030292
ENSG00000280339.1,-1.1082406202368515,5.024955491779071e-82,2.8556202544719832e-80,True,79.54429954631905
ENSG00000280721.1,0.5796909021191551,2.953666715783862e-50,4.542460192930251e-49,True,48.34270886986835
ENSG00000281655.1,-0.893954963812912,3.8598370727428645e-28,2.178576067520241e-27,True,26.66182727156594
ENSG00000283000.2,-0.6107441220287115,6.196108265681137e-15,1.7557756243291118e-14,True,13.755530984638272
ENSG00000283633.1,-0.7244246299974249,1.1069974638890475e-101,1.4464185760452641e-99,True,98.8397060092815
ENSG00000284485.1,-0.8199750854937626,3.2480593226177335e-18,1.0995164504185776e-17,True,16.958798268556425
ENSG00000284621.1,0.6493484857470273,5.153084219613752e-18,1.7257372258379538e-17,True,16.76302533263971
ENSG00000284651.1,0.5980482921487712,1.661765338546521e-12,4.124956473872995e-12,True,11.384580629721695
ENSG00000284654.1,0.6348537531296834,4.514408234942039e-17,1.436748949954511e-16,True,15.842619111597521
ENSG00000284659.1,0.5062892848777008,1.3347360166118588e-09,2.823277177776569e-09,True,8.549246482508543
ENSG00000284753.2,0.5578193933542936,1.364135347712932e-37,1.1771431076416221e-36,True,35.92917073589827
ENSG00000285906.2,0.5885988101038828,2.8612339246848565e-34,2.1358216709950746e-33,True,32.67043501125767
ENSG00000285938.1,-0.6084415110060806,6.400550674443837e-39,5.822957121256636e-38,True,37.23485640791193
ENSG00000286039.1,-0.5114617373956487,1.2304225057704443e-37,1.06452716687981e-36,True,35.972843250829285
ENSG00000286989.1,0.5218774980498843,7.256672900861116e-28,4.042203092208437e-27,True,26.39338187003654
ENSG00000287750.1,0.7187231512457184,1.058295082195605e-28,6.1210695691717915e-28,True,27.213172684487787
